func,prob,total_time,best_obj,best_bound,gap,preprocess_time,solution_time,callback_time,subproblem_time,callback_calls,num_separations,bb_nodes,num_variables,num_constraints,dp_num_nodes,dp_num_arcs,dp_num_paths,dp_unique_arcs,dp_unique_paths
cg_w05_c000,mssp4-n180-d10-01,4152.5023749434085,1961.812119047617,3224.768356155276,0.6437702289864407,0.05718809,4152.445186853409,4150.704530037998,4150.412006433001,435,425,215,423,1863,97,526,484.0,526,484
cg_w05_c000,mssp4-n180-d10-02,3884.8089731133914,2372.6001999999935,2804.186514665689,0.181904357365264,0.010761062,3884.7982120513916,3879.8572513270005,3879.6915874009997,264,254,961,422,1951,96,354,300.0,354,300
cg_w05_c000,mssp4-n180-d10-03,3587.7572762797217,2169.454577941176,2169.454577941176,0.0,0.011622412,3587.7456538677216,3577.730127227999,3577.6200590879994,183,179,2080,422,1961,96,279,187.0,279,187
cg_w05_c000,mssp4-n180-d10-04,3615.3502293898405,1953.9198946596862,3496.6854972049096,0.7895746426257289,0.012587197,3615.3376421928406,3614.2427224180005,3614.176105588001,134,128,30,422,1894,96,228,137.0,228,137
cg_w05_c000,mssp4-n180-d10-05,3921.398823444035,2249.2718049180294,3349.178501594001,0.4890056836488268,0.012214605,3921.386608839035,3920.2488268880006,3920.078931669,278,269,132,422,1889,96,368,274.0,368,274
cg_w05_c000,mssp4-n180-d15-01,4855.506559660681,1678.5912466666675,2138.160510651269,0.2737827120790783,0.069774678,4855.436784982681,4842.252349124004,4842.056877641003,249,236,1397,422,2633,96,336,256.0,336,256
cg_w05_c000,mssp4-n180-d15-02,3627.1369955353484,1374.700100000001,2045.8092766184798,0.4881858789553288,0.015463572,3627.1215319633484,3607.4022148009994,3607.2336669329984,347,342,2661,420,2756,94,441,367.0,441,367
cg_w05_c000,mssp4-n180-d15-03,3904.029598623077,1496.0001000000007,1873.0094649775508,0.2520115907596196,0.015127569,3904.014471054077,3877.294567777001,3877.056753606998,457,450,3923,422,2742,96,550,478.0,550,478
cg_w05_c000,mssp4-n180-d15-04,3976.2223216571138,905.7001000000002,2331.7685740519264,1.5745482130916468,0.028937725,3976.1933839321136,3967.2556156210003,3967.1676821580004,178,169,723,422,2754,96,271,194.0,271,194
cg_w05_c000,mssp4-n180-d15-05,3393.7427617403255,1644.7001,1644.7001,0.0,0.027482638,3393.7152791023254,3380.6530358880013,3380.5480080909983,246,243,2185,422,2732,96,344,252.0,344,252
cg_w05_c000,mssp4-n180-d20-01,3146.9140847563267,1202.2001000000014,1202.2001000000014,0.0,0.06470474,3146.849380016327,3115.6598192199976,3115.570641589001,227,217,5139,420,3479,94,314,222.0,314,222
cg_w05_c000,mssp4-n180-d20-02,2192.5916275165787,1531.4001000000003,1531.4001000000003,0.0,0.028234639,2192.5633928775787,2176.359034272,2176.2927003610002,213,202,1691,417,3613,91,296,207.0,296,207
cg_w05_c000,mssp4-n180-d20-03,3977.4740107839143,851.5001,1472.5434850516858,0.7293520987862313,0.062836725,3977.411174058914,3946.562505735003,3946.470374007002,269,258,4452,417,3594,91,354,291.0,354,291
cg_w05_c000,mssp4-n180-d20-04,3359.717019108152,1248.1002000000015,1248.1833471759521,6.661899096776936e-5,0.029417065,3359.687602043152,3316.3857545780015,3316.3241499300016,186,179,7874,419,3576,93,275,184.0,275,184
cg_w05_c000,mssp4-n180-d20-05,3767.3425801215767,1062.2002000000007,1707.6112347934738,0.6076171279138083,0.017666143,3767.3249139785767,3739.736369400999,3739.656539015,238,230,3615,416,3394,90,323,235.0,323,235
cg_w05_c000,mssp4-n180-d30-01,2235.11746844546,1101.5168083333338,1101.5702720841311,4.85364820517676e-5,0.075969546,2235.04149889946,2203.39394016,2203.287366315,290,277,4856,415,5214,89,370,289.0,370,289
cg_w05_c000,mssp4-n180-d30-02,1857.5233293042807,1052.3001000000013,1052.3001000000013,0.0,0.027034329,1857.4962949752808,1832.912900403,1832.8315685849989,228,221,2753,416,5202,90,316,243.0,316,243
cg_w05_c000,mssp4-n180-d30-03,3925.8388065825634,700.5001,1156.8491164093937,0.6514617434164445,0.027441455,3925.8113651275635,3893.964567663997,3893.8542610710015,304,288,4731,416,5158,90,382,300.0,382,300
cg_w05_c000,mssp4-n180-d30-04,2605.642887431175,934.0000999999994,934.0858740585772,9.183517065773355e-5,0.026031333,2605.616856098175,2570.9518867640004,2570.866686121002,253,244,5662,417,5128,91,339,293.0,339,291
cg_w05_c000,mssp4-n180-d30-05,3779.1239898689178,1021.9002000000003,1185.0723727890324,0.15967525281728306,0.025564719,3779.0984251499176,3749.7466477990024,3749.6051673689994,372,361,4031,423,5061,97,466,397.0,466,397
cg_w10_c000,mssp4-n180-d10-01,4634.555467103142,1960.4305126470567,3380.70816451613,0.7244723251891004,0.059179042,4634.496288061142,4632.742312233001,4632.416684357998,412,403,244,515,1960,189,604,472.0,604,472
cg_w10_c000,mssp4-n180-d10-02,3697.003664257333,2214.701746825399,3921.389254126736,0.7706173121268991,0.05647135,3696.9471929073334,3695.065467636,3694.802351782002,401,391,148,515,2049,189,590,436.0,590,436
cg_w10_c000,mssp4-n180-d10-03,3959.0373914408883,2169.4545779411746,2386.089826636746,0.09985701055845994,0.023546474,3959.0138449668884,3947.851856165001,3947.742159304999,170,165,2268,514,2058,188,362,179.0,362,179
cg_w10_c000,mssp4-n180-d10-04,5122.621569050297,1905.4681445330282,3457.581537582234,0.8145575130722436,0.011492146,5122.610076904297,5121.058593016004,5120.842654996,283,277,133,515,1992,189,474,287.0,474,287
cg_w10_c000,mssp4-n180-d10-05,3798.6667130943943,2399.371001190473,2847.7760798358195,0.18688442863686583,0.011535978,3798.655177116394,3794.847333492002,3794.680045980998,263,252,650,515,1987,189,452,327.0,452,327
cg_w10_c000,mssp4-n180-d15-01,2228.333424507362,1678.5912466666678,1678.5912466666678,0.0,0.062279402,2228.271145105362,2218.1382812800002,2217.8713364520004,157,151,1648,514,2730,188,347,161.0,347,161
cg_w10_c000,mssp4-n180-d15-02,1741.3505422499877,1587.7001000000002,1587.7001000000002,0.0,0.0357582,1741.3147840499878,1725.8477567629998,1725.7203388860016,174,171,2616,513,2854,187,370,203.0,370,203
cg_w10_c000,mssp4-n180-d15-03,2124.6015847869157,1597.4001000000007,1597.4001000000007,0.0,0.134434814,2124.4671499729156,2100.358099043999,2100.199478676999,234,226,3267,511,2836,185,420,251.0,420,251
cg_w10_c000,mssp4-n180-d15-04,836.4506725495435,1489.0001000000022,1489.0001000000022,0.0,0.015639705,836.4350328445435,826.3337998969998,826.2906091510002,73,70,1673,513,2850,187,265,80.0,265,80
cg_w10_c000,mssp4-n180-d15-05,3655.8591112069776,975.8752499999998,2968.658688502221,2.042047319575142,0.035986083,3655.8231251239777,3653.521430334,3653.3443422030005,276,266,270,515,2830,189,465,290.0,465,290
cg_w10_c000,mssp4-n180-d20-01,3611.6730335301677,1072.2000999999964,1400.2201000000005,0.30593170062193165,0.066307599,3611.6067259311676,3580.164979558001,3579.9399312640026,249,238,4892,505,3569,179,428,328.0,428,328
cg_w10_c000,mssp4-n180-d20-02,3616.5043512566012,1359.8001000000004,1638.129738238938,0.2046842313358688,0.018644212,3616.4857070446014,3591.635216294001,3591.4630436690013,275,264,3114,502,3703,176,448,274.0,448,274
cg_w10_c000,mssp4-n180-d20-03,2673.9575966032035,1091.7001000000002,1091.7001000000002,0.0,0.059102598,2673.8984940052032,2639.839642408999,2639.6997327289987,226,220,5317,505,3687,179,410,239.0,410,239
cg_w10_c000,mssp4-n180-d20-04,4050.2292775360543,888.2251249999998,1879.14274355311,1.1156153892326681,0.076355621,4050.1529219150543,4025.814879286998,4025.571169483998,300,292,2892,504,3666,178,480,310.0,480,310
cg_w10_c000,mssp4-n180-d20-05,3943.1675074571453,1279.5001,1496.7889072940309,0.1698232046203286,0.020859527,3943.1466479301453,3907.2240195000013,3907.041518183,253,243,5758,505,3488,179,432,317.0,432,317
cg_w10_c000,mssp4-n180-d30-01,2006.2591938882981,1101.5168083333353,1101.5168083333353,0.0,0.080986014,2006.178207874298,1978.4644253409997,1978.3402135819997,254,240,3411,495,5299,169,417,250.0,417,250
cg_w10_c000,mssp4-n180-d30-02,1872.16211475035,1052.3001000000002,1052.3001000000002,0.0,0.029528748,1872.1325860023499,1848.2640155980002,1848.142775262,224,216,2600,498,5289,172,398,259.0,398,259
cg_w10_c000,mssp4-n180-d30-03,3256.47160999398,920.9001000000001,920.9702960784316,7.622550853402673e-5,0.092082902,3256.37952709198,3215.1299905059996,3215.0030038049995,238,225,6737,501,5248,175,409,239.0,409,239
cg_w10_c000,mssp4-n180-d30-04,1836.3317252713398,934.0001000000036,934.0001000000036,0.0,0.130469473,1836.2012557983398,1798.9661416899992,1798.8380209499999,242,231,5478,498,5214,172,412,276.0,412,276
cg_w10_c000,mssp4-n180-d30-05,3284.1242097179297,1021.900200000001,1021.900200000001,0.0,0.02980359,3284.0944061279297,3250.438451620997,3250.2352910389995,364,348,4900,509,5152,183,542,395.0,542,395
cg_w15_c000,mssp4-n180-d10-01,3616.2059217750525,2243.2032060606043,2590.668879236378,0.15489710082305677,0.081195718,3616.1247260570526,3607.510332454,3607.3039625260003,227,219,1752,605,2055,279,513,245.0,513,245
cg_w15_c000,mssp4-n180-d10-02,4565.716605811506,2292.4099292682945,3031.6982792044187,0.32249395734038494,0.023193746,4565.693412065506,4562.197977979999,4561.995181745999,243,239,543,605,2144,279,531,254.0,531,254
cg_w15_c000,mssp4-n180-d10-03,2495.991600623073,2169.4545779411774,2169.4545779411774,0.0,0.088416686,2495.9031839370728,2484.2814452260004,2484.1599280199994,134,129,2118,606,2155,280,429,176.0,429,176
cg_w15_c000,mssp4-n180-d10-04,3798.2323258197066,1798.4204305446174,3807.6861725710896,1.117239166048622,0.077244786,3798.1550810337067,3796.6639683560006,3796.4958680649993,184,180,108,607,2089,281,476,211.0,476,211
cg_w15_c000,mssp4-n180-d10-05,4122.149421948303,2129.419805357141,3111.9839028169013,0.4614233863082565,0.033329028,4122.116092920303,4120.197192543999,4119.970157646002,288,277,198,606,2083,280,572,322.0,572,322
cg_w15_c000,mssp4-n180-d15-01,4517.519912514505,1305.0601800000027,1962.777748779527,0.5039748962224279,0.074973378,4517.444939136505,4495.262729770998,4494.841091149002,394,387,2894,602,2823,276,677,448.0,677,448
cg_w15_c000,mssp4-n180-d15-02,3187.6053225612427,1587.7001000000014,1587.7001000000014,0.0,0.038792572,3187.5665299892426,3163.324460121998,3163.065058663997,272,263,3370,604,2950,278,559,301.0,559,301
cg_w15_c000,mssp4-n180-d15-03,2522.3251316342826,1597.4000999999998,1597.4000999999998,0.0,0.034797648,2522.2903339862823,2502.8284883450006,2502.489100199001,363,353,2475,599,2929,273,642,428.0,642,428
cg_w15_c000,mssp4-n180-d15-04,1843.074430315504,1489.0001000000002,1489.0001000000002,0.0,0.053527205,1843.0209031105042,1827.7914614340002,1827.6688197269998,99,94,2120,603,2945,277,385,122.0,385,122
cg_w15_c000,mssp4-n180-d15-05,1946.2255327249334,1644.7001,1644.7001,0.0,0.096873715,1946.1286590099335,1932.8680941600005,1932.7500701439992,130,122,2059,606,2926,280,417,150.0,417,150
cg_w15_c000,mssp4-n180-d20-01,3604.9383739808327,765.4001000000001,1413.5189657831152,0.8467713366945144,0.070926843,3604.8674471378326,3565.0951315570037,3564.8822538560003,272,264,7267,592,3661,266,545,307.0,545,307
cg_w15_c000,mssp4-n180-d20-02,2541.304800342591,1531.4001000000003,1531.4001000000003,0.0,0.097425293,2541.207375049591,2524.2263532169995,2524.0441620620004,203,195,2177,583,3789,257,466,221.0,466,221
cg_w15_c000,mssp4-n180-d20-03,3581.4948783627083,1091.7001000000007,1091.7001000000007,0.0,0.092851471,3581.4020268917084,3540.600218787003,3540.382478032,300,289,6941,589,3776,263,567,326.0,567,326
cg_w15_c000,mssp4-n180-d20-04,3868.693288566722,993.9334999999995,1746.4267900728257,0.7570861532213439,0.030538561,3868.662750005722,3838.2861155869987,3838.0802490269994,257,246,3913,588,3755,262,523,291.0,523,290
cg_w15_c000,mssp4-n180-d20-05,2920.6771243863745,1423.8001000000002,1423.8001000000002,0.0,0.057573443,2920.6195509433746,2898.5620234009994,2898.3784194600007,218,209,2581,589,3577,263,488,335.0,488,335
cg_w15_c000,mssp4-n180-d30-01,1914.0047200875877,1101.5168083333333,1101.5168083333333,0.0,0.090283032,1913.9144370555878,1884.0850449480006,1883.7192642610007,269,256,4113,576,5385,250,521,288.0,521,288
cg_w15_c000,mssp4-n180-d30-02,2709.2872416623777,1052.300100000001,1052.3171192075638,1.6173340250300797e-5,0.069410766,2709.2178308963776,2677.2327178380006,2676.9507619200012,280,266,3734,583,5379,257,538,309.0,538,309
cg_w15_c000,mssp4-n180-d30-03,2228.2928333367595,920.9001000000003,920.9780885157469,8.468727036363327e-5,0.042541274,2228.2502920627594,2193.8930528070005,2193.744776471,205,194,4828,584,5336,258,467,239.0,467,239
cg_w15_c000,mssp4-n180-d30-04,643.2948533906964,934.0000999999999,934.0000999999999,0.0,0.039416255,643.2554371356964,617.3318918030001,617.2553861799998,104,100,3078,579,5300,253,366,115.0,366,115
cg_w15_c000,mssp4-n180-d30-05,2538.9096705196434,1021.9002000000002,1021.9002000000002,0.0,0.098835635,2538.8108348846436,2509.712611496,2509.466958972001,319,308,3783,588,5236,262,587,387.0,587,387
cg_w20_c000,mssp4-n180-d10-01,3614.599661013483,1632.8002499999932,3175.265695512637,0.944674919980353,0.083768031,3614.515892982483,3612.0864453540003,3611.5274663670007,453,443,300,691,2146,365,832,621.0,832,620
cg_w20_c000,mssp4-n180-d10-02,4586.425152186719,2403.201746825399,2484.75357834737,0.03393465888983314,0.072700147,4586.352452039719,4570.03583688,4569.667261812001,291,284,2935,695,2239,369,675,344.0,675,344
cg_w20_c000,mssp4-n180-d10-03,4308.556819414268,2169.4545779411765,2656.4709333333344,0.22448792445073404,0.039353346,4308.517466068268,4303.723971273,4303.466630701999,212,205,647,692,2246,366,591,254.0,591,253
cg_w20_c000,mssp4-n180-d10-04,4149.80831316755,2004.2001999999968,2645.4437660268727,0.31994985632018047,0.016138113,4149.79217505455,4144.023377633003,4143.621422961001,343,332,712,696,2183,370,721,354.0,721,354
cg_w20_c000,mssp4-n180-d10-05,4110.209999894101,2146.158340901359,3192.3839676561706,0.4874876223323811,0.037114953,4110.172884941101,4108.777071901001,4108.373330469001,329,318,89,694,2176,368,707,380.0,707,380
cg_w20_c000,mssp4-n180-d15-01,4280.421063965196,1225.3001000000022,2436.01452516248,0.9880962428408155,0.06893689,4280.352127075195,4276.762058786999,4276.372622269998,331,320,423,691,2917,365,705,386.0,705,386
cg_w20_c000,mssp4-n180-d15-02,4411.43136240369,1397.9001000000007,1994.1913903004056,0.4265621629903342,0.041534437,4411.38982796669,4387.1795574060025,4386.727194159,393,381,3009,691,3042,365,767,457.0,767,456
cg_w20_c000,mssp4-n180-d15-03,1303.7103390469454,1597.4000999999944,1597.5276499474237,7.984846590989698e-5,0.120419003,1303.5899200439453,1276.8780996999997,1276.6590399709996,177,171,3242,684,3019,358,551,223.0,551,223
cg_w20_c000,mssp4-n180-d15-04,1293.5020807890762,1489.0001,1489.0000999999997,0.0,0.064207664,1293.4378731250763,1275.0997860859998,1274.9895287940003,103,98,2293,687,3034,361,478,120.0,478,120
cg_w20_c000,mssp4-n180-d15-05,2776.73469245301,1644.700100000004,1644.700100000004,0.0,0.018860458,2776.7158319950104,2763.1182578349994,2762.894659107,198,192,2079,691,3016,365,575,212.0,575,212
cg_w20_c000,mssp4-n180-d20-01,4137.809699457489,954.9001,1608.905765179933,0.6848943310194785,0.074463528,4137.735235929489,4114.154748633998,4113.449737387,361,351,2953,677,3751,351,724,489.0,724,489
cg_w20_c000,mssp4-n180-d20-02,3545.672316713067,1531.4001000000003,1531.4001000000003,0.0,0.032971544,3545.6393451690674,3524.956542504999,3524.5827727329993,292,277,2145,669,3880,343,639,323.0,639,323
cg_w20_c000,mssp4-n180-d20-03,2426.553504184683,1091.7001000000002,1091.7001000000002,0.0,0.036007122,2426.517497062683,2387.0651404020014,2386.785114445998,249,242,5870,671,3863,345,608,273.0,608,273
cg_w20_c000,mssp4-n180-d20-04,3888.469561275483,1248.1001999999999,1439.6565376646258,0.15347833264078156,0.026588377,3888.4429728984833,3815.1902884359993,3814.812673883999,335,324,15742,671,3843,345,689,356.0,689,356
cg_w20_c000,mssp4-n180-d20-05,3855.795267345538,1423.800100000001,1500.2174128741478,0.05367137765627823,0.034229519,3855.761037826538,3810.537847073002,3810.201040250998,288,278,6725,673,3666,347,647,509.0,647,509
cg_w20_c000,mssp4-n180-d30-01,1437.3058284397318,1101.5168083333342,1101.5168083333342,0.0,0.078499424,1437.2273290157318,1411.8165856640003,1411.42788152,221,207,2755,652,5466,326,552,230.0,552,230
cg_w20_c000,mssp4-n180-d30-02,2325.0772123156353,1052.3001000000004,1052.3001000000004,0.0,0.033229333,2325.0439829826355,2293.9644625489996,2293.575958999,308,294,4260,662,5463,336,651,387.0,651,387
cg_w20_c000,mssp4-n180-d30-03,1419.0220448050168,920.9001000000001,920.9001000000001,0.0,0.034353641,1418.9876911640167,1386.9135867869995,1386.6996876089997,158,149,4434,663,5420,337,504,169.0,504,169
cg_w20_c000,mssp4-n180-d30-04,2203.1325475769913,934.0001000000038,934.0605972393964,6.477219798219385e-5,0.052823742,2203.0797238349915,2162.060663884002,2161.7188310829983,311,291,7031,660,5386,334,646,343.0,646,343
cg_w20_c000,mssp4-n180-d30-05,1838.0840728607338,1021.9002000000021,1021.9002000000021,0.0,0.053811821,1838.030261039734,1806.2448971030008,1805.9789925209996,252,244,4573,669,5322,343,609,312.0,609,312
cg_w25_c000,mssp4-n180-d10-01,4752.171844896974,2028.4092181939805,2933.83107298758,0.4463704102073412,0.06375092,4752.1080939769745,4749.648021605004,4749.058214046997,337,329,277,782,2242,456,817,543.0,817,543
cg_w25_c000,mssp4-n180-d10-02,3876.3439325707145,2297.2186757493437,2995.2996108408292,0.3038809245548965,0.034844579,3876.3090879917145,3871.0599985649997,3870.601185404003,299,287,702,786,2335,460,773,366.0,773,366
cg_w25_c000,mssp4-n180-d10-03,4121.728739052926,1946.9582860465125,3115.015512482524,0.5999395235158659,0.06247285,4121.666266202927,4119.754087907999,4119.282918993999,312,303,153,781,2340,455,786,391.0,786,391
cg_w25_c000,mssp4-n180-d10-04,5419.931619352035,2200.667925481145,3284.7684897475738,0.4926234220591938,0.048054403,5419.883564949036,5418.534759003001,5418.172281641997,240,230,52,783,2275,457,711,277.0,711,277
cg_w25_c000,mssp4-n180-d10-05,3771.3191689726586,2390.188322199166,2749.8563022269377,0.15047683761455583,0.038855004,3771.2803139686584,3764.7504012489985,3764.3510428769996,245,237,1010,787,2274,461,726,309.0,726,309
cg_w25_c000,mssp4-n180-d15-01,4391.776529388277,1663.178050920243,1892.8386089800697,0.13808537091549186,0.066222267,4391.710307121277,4380.547199312006,4380.247339533,223,212,1818,774,3005,448,683,237.0,683,237
cg_w25_c000,mssp4-n180-d15-02,3894.8780898675163,1587.7001,1903.3089410991647,0.1987836626697729,0.019408904,3894.8586809635162,3866.2698120070004,3865.738899662001,371,361,4110,778,3134,452,842,545.0,842,544
cg_w25_c000,mssp4-n180-d15-03,2333.671713178472,1597.4001,1597.4001,0.0,0.019435232,2333.652277946472,2306.3092638250014,2305.8829690890007,315,305,3642,775,3115,449,783,388.0,783,388
cg_w25_c000,mssp4-n180-d15-04,2097.440610682471,1489.0001000000002,1489.0001000000002,0.0,0.029855525,2097.4107551574707,2086.0988778499996,2085.8616246470006,171,165,1794,779,3131,453,646,212.0,646,210
cg_w25_c000,mssp4-n180-d15-05,3616.1223130622666,1433.4001,2673.559464136002,0.8651871617254681,0.037994186,3616.0843188762665,3612.701876389001,3612.288075397997,263,255,306,776,3106,450,728,280.0,728,280
cg_w25_c000,mssp4-n180-d20-01,1616.66855443844,1202.2001,1202.2001,0.0,0.070230378,1616.59832406044,1586.7945347439997,1586.5549723410006,195,189,4365,762,3841,436,651,309.0,651,309
cg_w25_c000,mssp4-n180-d20-02,2522.347530511217,1531.4001000000003,1531.4001000000003,0.0,0.042265323,2522.305265188217,2502.0302694069997,2501.6538472349994,250,238,2243,752,3968,426,687,263.0,687,263
cg_w25_c000,mssp4-n180-d20-03,2624.574221832747,1091.7001000000002,1091.7001000000002,0.0,0.033663733,2624.5405580997467,2586.384684778001,2586.0769416219987,242,232,5913,759,3956,433,694,312.0,694,312
cg_w25_c000,mssp4-n180-d20-04,3725.645921323847,1041.1501249999997,1516.3612838409567,0.4564290465229087,0.033812378,3725.6121089458466,3665.7462984499994,3665.312659534,334,324,12076,758,3935,432,781,357.0,781,357
cg_w25_c000,mssp4-n180-d20-05,2794.658121904122,1423.8001000000004,1423.9001000000005,7.023457857611922e-5,0.039682945,2794.6184389591217,2753.1396526069984,2752.805233,248,236,6142,759,3757,433,697,399.0,697,392
cg_w25_c000,mssp4-n180-d30-01,1224.432325407813,1101.5168083333324,1101.5168083333326,0.0,0.133489415,1224.298835992813,1190.7731575500004,1190.531395727001,202,193,4689,731,5550,405,623,225.0,623,225
cg_w25_c000,mssp4-n180-d30-02,805.4536630452579,1052.3001000000022,1052.3001000000022,0.0,0.127510959,805.3261520862579,784.4677748779995,784.3030320670001,138,130,2105,738,5544,412,567,176.0,567,176
cg_w25_c000,mssp4-n180-d30-03,2166.7503003207635,920.9001000000002,920.9001000000002,0.0,0.099222335,2166.6510779857635,2127.683024997999,2127.310767356001,230,218,6196,740,5502,414,657,261.0,657,261
cg_w25_c000,mssp4-n180-d30-04,1861.2143572441514,934.0001000000032,934.0001000000029,0.0,0.033913242,1861.1804440021515,1820.528920879,1820.1137955680003,282,266,6494,737,5468,411,702,306.0,702,306
cg_w25_c000,mssp4-n180-d30-05,783.5972867828041,1021.9002000000012,1021.9002000000012,0.0,0.053791843,783.5434949398041,754.5104505310002,754.3087483740001,126,118,3791,749,5407,423,567,166.0,567,166
cg_w25_c025,mssp4-n180-d10-01,3807.018460962106,2002.629439325842,3625.971736363636,0.8106054296217028,0.065675947,3806.952785015106,3804.7035449999985,3803.8722169729995,406,397,145,807,2242,481,909,618.0,909,618
cg_w25_c025,mssp4-n180-d10-02,2282.459603675677,2403.201746825398,2403.201746825398,0.0,0.052292713,2282.407310962677,2270.8802452219998,2270.64531772,148,143,1965,811,2335,485,654,200.0,654,200
cg_w25_c025,mssp4-n180-d10-03,2502.3630659027763,2169.4545779411756,2169.4545779411756,0.0,0.052817051,2502.310248851776,2489.0525683579995,2488.806207921001,133,126,2051,806,2340,480,635,184.0,635,184
cg_w25_c025,mssp4-n180-d10-04,4103.981609618028,1949.566244158002,3604.6609241047395,0.8489553432238236,0.050453698,4103.931155920029,4102.193314787999,4101.911973590001,186,178,73,808,2275,482,684,205.0,684,205
cg_w25_c025,mssp4-n180-d10-05,4593.016194399759,2390.188322199166,3136.0670080243654,0.31205854321090926,0.035215434,4592.980978965759,4591.353630765,4591.002062544999,223,214,72,812,2274,486,727,316.0,727,316
cg_w25_c025,mssp4-n180-d15-01,4182.543509509747,1460.9000999999994,2596.0909499298677,0.7770489234204782,0.122746494,4182.420763015747,4177.947159119999,4177.453288412001,319,309,348,799,3005,473,809,460.0,809,460
cg_w25_c025,mssp4-n180-d15-02,2858.6747464939153,1587.7001,1587.7001,0.0,0.062192659,2858.612553834915,2831.787468688999,2831.4098288729992,248,238,3319,803,3134,477,741,285.0,741,285
cg_w25_c025,mssp4-n180-d15-03,3810.7269815841933,1337.9001000000003,1747.313350827682,0.30601182467037824,0.021536533,3810.7054450511932,3765.824171550001,3765.128914547998,407,396,7133,800,3115,474,898,487.0,898,487
cg_w25_c025,mssp4-n180-d15-04,3288.095727670214,1489.0001000000009,1489.0001000000009,0.0,0.042166698,3288.0535609722137,3264.661827309999,3264.2297020300016,269,260,2787,804,3131,478,764,311.0,764,311
cg_w25_c025,mssp4-n180-d15-05,3771.0094414130476,1409.8002500000011,2793.7176824930316,0.9816407909510793,0.030504264,3770.978937149048,3767.8104996959983,3767.3811181690003,282,273,306,801,3106,475,774,308.0,774,308
cg_w25_c025,mssp4-n180-d20-01,2664.887986160831,1202.2001000000002,1202.211519478174,9.498816522990312e-6,0.085844256,2664.802141904831,2628.9547605279995,2628.5706818209987,255,245,5071,787,3841,461,732,370.0,732,370
cg_w25_c025,mssp4-n180-d20-02,2222.8621674690658,1531.4001000000003,1531.4001000000003,0.0,0.067206255,2222.7949612140656,2203.495774159,2203.186142638001,210,200,1986,777,3968,451,674,225.0,674,225
cg_w25_c025,mssp4-n180-d20-03,3730.8194379858833,1091.7001000000005,1143.2309059631962,0.047202346105121425,0.06964994,3730.749788045883,3680.6232819989996,3680.067478644997,386,370,8123,784,3956,458,855,470.0,855,470
cg_w25_c025,mssp4-n180-d20-04,3571.4754076953673,1248.1002000000008,1248.1002000000008,0.0,0.032002544,3571.443405151367,3506.769124548,3506.469801376001,219,210,12340,783,3935,457,691,290.0,691,290
cg_w25_c025,mssp4-n180-d20-05,1776.2517497906497,1423.8001,1423.8001,0.0,0.032118834,1776.2196309566498,1748.6397598310007,1748.4347923549997,144,135,2885,784,3757,458,620,220.0,620,217
cg_w25_c025,mssp4-n180-d30-01,2131.9364532137383,1101.5168083333338,1101.5168083333338,0.0,0.137138238,2131.7993149757385,2093.8785432669993,2093.467726419,317,297,5690,756,5550,430,751,330.0,751,330
cg_w25_c025,mssp4-n180-d30-02,679.6095990985558,1052.3001000000002,1052.3001000000002,0.0,0.030584082,679.5790150165558,658.8071358469997,658.6781141290002,100,92,2027,763,5544,437,553,120.0,553,120
cg_w25_c025,mssp4-n180-d30-03,1092.9167678829049,920.9001000000015,920.9001000000014,0.0,0.033717918,1092.8830499649048,1065.107548401,1064.893515995,84,79,2708,765,5502,439,541,104.0,541,104
cg_w25_c025,mssp4-n180-d30-04,1166.4056588352455,934.0001,934.0682999513532,7.301921204636046e-5,0.034035796,1166.3716230392456,1130.0413966950002,1129.7742482619997,196,188,4923,762,5468,436,649,279.0,649,279
cg_w25_c025,mssp4-n180-d30-05,2124.259325295247,1021.9002000000006,1021.9002000000006,0.0,0.03311637,2124.226208925247,2090.013986335,2089.530998521,304,295,4489,774,5407,448,769,349.0,769,349
cg_w25_c050,mssp4-n180-d10-01,3871.7494812129753,2215.259158904113,2848.9510580528226,0.2860576816042582,0.066524279,3871.682956933975,3860.661127518999,3860.290921424999,211,205,1276,832,2242,506,742,317.0,742,317
cg_w25_c050,mssp4-n180-d10-02,3022.7172519025435,2403.2017468253925,2403.2017468253925,0.0,0.01442278,3022.7028291225433,3008.5095039369994,3008.1143176370006,231,224,2303,836,2335,510,757,249.0,757,249
cg_w25_c050,mssp4-n180-d10-03,3727.0118862733425,2004.6699128440325,3113.544161829227,0.5531455537296066,0.01616541,3726.9957208633423,3724.902224454999,3724.4112678540014,277,264,161,831,2340,505,798,348.0,798,348
cg_w25_c050,mssp4-n180-d10-04,3845.397272396269,1905.4681445330286,3262.247437233925,0.7120451195122978,0.016753483,3845.380518913269,3844.220542957,3843.976292507001,147,138,34,833,2275,507,668,163.0,668,163
cg_w25_c050,mssp4-n180-d10-05,4176.624395510304,2394.5661531250007,3301.5001000000007,0.3787466659425618,0.016987702,4176.607407808304,4174.534488534999,4174.209401506,209,203,144,837,2274,511,739,260.0,739,260
cg_w25_c050,mssp4-n180-d15-01,4424.37333390686,1467.4000999999998,2272.165851618319,0.5484296693303476,0.068643069,4424.30469083786,4410.147752058998,4409.635853854003,320,313,1001,824,3005,498,836,383.0,836,383
cg_w25_c050,mssp4-n180-d15-02,3667.7730260047374,1587.700100000001,1937.533687849594,0.22033984116370137,0.018840805,3667.7541851997375,3645.1690772979996,3644.689105335001,301,289,2862,828,3134,502,818,339.0,818,339
cg_w25_c050,mssp4-n180-d15-03,2143.1689197204173,1597.400100000003,1597.400100000003,0.0,0.02047173,2143.1484479904175,2117.7113381120002,2117.2643863819994,240,229,2746,825,3115,499,751,254.0,751,254
cg_w25_c050,mssp4-n180-d15-04,4093.9820786405307,1489.0001000000002,1634.4084260814702,0.09765501431562698,0.022404759,4093.9596738815308,4063.1542945739984,4062.7321629519993,243,236,3405,829,3131,503,764,314.0,764,314
cg_w25_c050,mssp4-n180-d15-05,4804.096849187959,1644.7001000000105,2331.223804296917,0.4174157369461473,0.022469267,4804.0743799209595,4790.855054215004,4790.313488374998,360,351,987,826,3106,500,876,383.0,876,383
cg_w25_c050,mssp4-n180-d20-01,2299.2910305527203,1202.2001,1202.244516977308,3.6946409593499934e-5,0.123491433,2299.1675391197205,2269.8899214839994,2269.5328088689994,239,232,4009,812,3841,486,742,259.0,742,259
cg_w25_c050,mssp4-n180-d20-02,1690.0331352886417,1531.4001,1531.4001,0.0,0.021544331,1690.0115909576416,1671.8116669470005,1671.5298139839992,177,169,1706,802,3968,476,668,194.0,668,194
cg_w25_c050,mssp4-n180-d20-03,2074.8144208950957,1091.7000999999998,1091.7000999999998,0.0,0.065530972,2074.7488899230957,2037.6670114089995,2037.3564398160008,223,212,5543,809,3956,483,724,265.0,724,265
cg_w25_c050,mssp4-n180-d20-04,3889.246599643832,1036.2501333333355,1459.176096718626,0.40813115461307825,0.034093588,3889.212506055832,3818.6202063199976,3818.0204609479997,411,397,14997,808,3935,482,907,471.0,907,471
cg_w25_c050,mssp4-n180-d20-05,2449.634200689269,1423.8001,1423.8001,0.0,0.021259901,2449.612940788269,2422.0771396740006,2421.6738475020006,237,228,3101,809,3757,483,741,404.0,741,400
cg_w25_c050,mssp4-n180-d30-01,621.8383862179182,1101.5168083333335,1101.5168083333335,0.0,0.121911208,621.7164750099182,600.5849109109998,600.4656820189999,84,79,1905,781,5550,455,558,107.0,558,107
cg_w25_c050,mssp4-n180-d30-02,814.094369704777,1052.3001000000004,1052.3001000000004,0.0,0.031741674,814.062628030777,794.2773318640003,794.1067665859999,114,107,1693,788,5544,462,594,172.0,594,172
cg_w25_c050,mssp4-n180-d30-03,1826.8457704623002,920.9001000000001,920.9001000000001,0.0,0.083162411,1826.7626080513,1789.7819603550006,1789.5211487649995,182,172,5092,790,5502,464,659,197.0,659,197
cg_w25_c050,mssp4-n180-d30-04,1452.5135734973555,934.0001,934.0001,0.0,0.033600658,1452.4799728393555,1414.9410290110002,1414.5932198070007,230,215,5391,787,5468,461,701,312.0,701,311
cg_w25_c050,mssp4-n180-d30-05,1858.4172496774634,1021.9001999999987,1021.9001999999987,0.0,0.077389715,1858.3398599624634,1824.540150630999,1824.1504066680006,265,254,4469,799,5407,473,752,305.0,752,305
cg_w25_c075,mssp4-n180-d10-01,3738.712743214202,2064.4119705882367,3635.4017645660992,0.7609865745596419,0.068145207,3738.644598007202,3736.456404143999,3735.6782499970013,351,345,146,857,2242,531,904,413.0,904,413
cg_w25_c075,mssp4-n180-d10-02,3626.2886620184217,2403.201746825397,2403.201746825397,0.0,0.015255036,3626.273406982422,3611.495636086999,3611.06243681,227,220,2355,861,2335,535,781,289.0,781,289
cg_w25_c075,mssp4-n180-d10-03,3499.6674632075046,2169.4545779411746,2169.4545779411746,0.0,0.016355181,3499.6511080265045,3485.003370514999,3484.645080727999,190,184,2380,856,2340,530,742,241.0,742,241
cg_w25_c075,mssp4-n180-d10-04,5560.163593285071,2200.6679254811474,3369.3665654676856,0.5310654217541783,0.063133471,5560.100459814072,5558.149074816002,5557.668397369001,273,267,54,858,2275,532,825,322.0,825,322
cg_w25_c075,mssp4-n180-d10-05,3777.7961644580114,2257.197222388057,3199.924216249505,0.4176537984855692,0.01588959,3777.7802748680115,3776.3539931590003,3775.938335057,257,246,55,862,2274,536,811,356.0,810,355
cg_w25_c075,mssp4-n180-d15-01,3932.1248085375614,1467.4505280575572,2248.563808183569,0.532292752083411,0.067983615,3932.0568249225616,3919.3085532670007,3918.8868315730006,195,191,938,849,3005,523,739,242.0,739,242
cg_w25_c075,mssp4-n180-d15-02,1247.8300745046567,1587.7001,1587.7001,0.0,0.017627672,1247.8124468326569,1218.8760532170004,1218.6085456499998,158,153,3612,853,3134,527,708,222.0,708,222
cg_w25_c075,mssp4-n180-d15-03,4057.2036817131248,1345.2001000000332,1817.0922121823296,0.3507969648398664,0.030367857,4057.173313856125,4020.2960011280015,4019.5871248520016,412,397,5065,850,3115,524,947,491.0,947,491
cg_w25_c075,mssp4-n180-d15-04,3026.5215144468516,1489.0000999999997,1489.0000999999997,0.0,0.020130427,3026.5013840198517,2998.2429797839986,2997.8512983079986,226,219,3104,854,3131,528,773,322.0,773,322
cg_w25_c075,mssp4-n180-d15-05,4044.478313298212,1450.7850318181809,1868.8738851121298,0.28818111858376666,0.020871253,4044.457442045212,4013.902586448,4013.394768963999,264,253,3534,851,3106,525,804,287.0,804,287
cg_w25_c075,mssp4-n180-d20-01,1741.0770743075775,1202.2001,1202.2001,0.0,0.126734275,1740.9503400325775,1711.8705886980001,1711.5722658239997,189,180,3217,837,3841,511,715,207.0,715,207
cg_w25_c075,mssp4-n180-d20-02,719.9205727781604,1531.4001,1531.4001,0.0,0.099803945,719.8207688331604,703.296838613,703.156703445,90,84,1612,827,3968,501,608,109.0,608,109
cg_w25_c075,mssp4-n180-d20-03,3681.2315797041597,1004.9001000000005,1304.1154124462041,0.2977562769136986,0.060328884,3681.17125082016,3630.6704446059994,3630.033237609,392,376,8905,834,3956,508,918,542.0,918,530
cg_w25_c075,mssp4-n180-d20-04,3270.8047949941397,1248.1002000000003,1248.1002000000003,0.0,0.024846998,3270.7799479961395,3204.3100635349997,3203.848638869,259,247,14193,833,3935,507,779,293.0,779,293
cg_w25_c075,mssp4-n180-d20-05,2556.7448634769685,1423.8000999999997,1423.8000999999997,0.0,0.024517503,2556.7203459739685,2529.255447750001,2528.892179320999,209,201,2926,834,3757,508,735,312.0,735,306
cg_w25_c075,mssp4-n180-d30-01,1949.4704119986645,1101.5168083333338,1101.5168083333335,0.0,0.081646902,1949.3887650966644,1915.0158808869987,1914.5959070149995,243,236,4931,806,5550,480,741,268.0,741,268
cg_w25_c075,mssp4-n180-d30-02,2111.2492426436033,1052.3001000000002,1052.339147874232,3.71071657521989e-5,0.030261616,2111.218981027603,2079.084844417,2078.6198098739987,264,249,3836,813,5544,487,765,351.0,765,351
cg_w25_c075,mssp4-n180-d30-03,1990.437449415853,920.9001000000003,920.9001000000003,0.0,0.098621329,1990.338828086853,1941.8080630109982,1941.3310140239992,240,224,8479,815,5502,489,738,268.0,738,268
cg_w25_c075,mssp4-n180-d30-04,841.37932830972,934.0001000000003,934.0001000000003,0.0,0.033182203,841.34614610672,803.9866828020001,803.7568843999999,151,143,5779,812,5468,486,652,168.0,652,168
cg_w25_c075,mssp4-n180-d30-05,1210.0052472154532,1021.9002000000012,1021.9002000000012,0.0,0.033781151,1209.9714660644531,1183.0983135960003,1182.7866922670005,183,174,3029,824,5407,498,696,221.0,696,221
cg_w25_c100,mssp4-n180-d10-01,4986.714516373119,2242.383717027029,3120.480807384776,0.3915909144764642,0.107121201,4986.607395172119,4984.159166115002,4983.536478276,273,264,220,882,2242,556,850,318.0,850,318
cg_w25_c100,mssp4-n180-d10-02,3696.8955009713245,2169.300125,2754.8465736247294,0.26992412985028025,0.014414145,3696.8810868263245,3688.2036351090005,3687.252789420999,428,421,1289,886,2335,560,1008,521.0,1008,520
cg_w25_c100,mssp4-n180-d10-03,2516.897278841845,2169.4545779411783,2169.4545779411783,0.0,0.014973935,2516.882304906845,2504.8919506609996,2504.663950071999,128,120,1863,881,2340,555,703,180.0,703,178
cg_w25_c100,mssp4-n180-d10-04,6970.035499595988,2077.1327001077216,3178.635978165809,0.5302999071753878,0.015855574,6970.019644021988,6968.0790181079965,6967.550926594,261,250,42,883,2275,557,831,277.0,831,277
cg_w25_c100,mssp4-n180-d10-05,4228.395364865044,2391.350229999997,2731.4666446767974,0.1422277717458396,0.015133723,4228.380231142044,4220.545075797,4220.131656899,230,223,1183,887,2274,561,808,259.0,808,259
cg_w25_c100,mssp4-n180-d15-01,3953.859350965127,1102.300200000001,2491.961916847526,1.2606926106404803,0.06865196,3953.790699005127,3945.5438405219998,3944.9793752169994,320,311,535,874,3005,548,888,523.0,888,523
cg_w25_c100,mssp4-n180-d15-02,2064.224519768975,1587.7001000000002,1587.7001000000002,0.0,0.017470876,2064.207048892975,2045.7809089699992,2045.4266329380007,207,201,2931,878,3134,552,781,256.0,781,256
cg_w25_c100,mssp4-n180-d15-03,2005.478482337414,1597.4001000000003,1597.4001000000003,0.0,0.017285438,2005.461196899414,1975.1561060530003,1974.7407387390006,239,231,3824,875,3115,549,807,315.0,807,315
cg_w25_c100,mssp4-n180-d15-04,3826.6140901152767,1303.100100000011,1879.6269760977318,0.44242715973831626,0.018799216,3826.5952908992767,3805.4965684799995,3805.0676215619983,255,245,2449,879,3131,553,828,419.0,828,419
cg_w25_c100,mssp4-n180-d15-05,4186.642156164293,1644.7000999999987,2073.633433333334,0.26079729266954843,0.019675295,4186.622480869293,4168.009940791996,4167.355153704003,315,305,1563,876,3106,550,882,357.0,882,357
cg_w25_c100,mssp4-n180-d20-01,3037.792986635898,1202.2001000000002,1202.2549680767552,4.5639720671233134e-5,0.073937659,3037.719048976898,2993.3857837469986,2992.675516906,279,271,7062,862,3841,536,836,424.0,836,424
cg_w25_c100,mssp4-n180-d20-02,3126.5883598998803,1531.4001000000003,1531.4001000000003,0.0,0.034289904,3126.55406999588,3104.5271958990006,3103.8993795159995,324,310,2234,852,3968,526,861,385.0,861,385
cg_w25_c100,mssp4-n180-d20-03,3611.0675819990356,1073.2002,1507.4249257673803,0.40460738431411053,0.024078953,3611.0435030460358,3576.1169993909975,3575.517096755999,369,352,5070,859,3956,533,914,450.0,914,450
cg_w25_c100,mssp4-n180-d20-04,3606.6445332743738,1248.1002000000015,1427.4039693428779,0.14366135775226718,0.02345526,3606.621078014374,3527.6816270699996,3527.108833075001,298,285,17538,858,3935,532,848,361.0,848,353
cg_w25_c100,mssp4-n180-d20-05,2328.663346549942,1423.8001,1423.8001,0.0,0.024567625,2328.638778924942,2301.9231377290007,2301.5394964560005,189,183,3291,859,3757,533,745,290.0,745,287
cg_w25_c100,mssp4-n180-d30-01,1357.410938759687,1101.5168083333333,1101.5168083333333,0.0,0.121343871,1357.2895948886871,1319.2906433070011,1318.9451043750007,219,209,5269,831,5550,505,740,266.0,740,266
cg_w25_c100,mssp4-n180-d30-02,673.0616688148499,1052.3001000000008,1052.3001000000008,0.0,0.031621875,673.0300469398499,651.2259337160001,650.951063548,111,104,2158,838,5544,512,640,142.0,640,142
cg_w25_c100,mssp4-n180-d30-03,700.6346817626634,920.9001000000003,920.9001000000003,0.0,0.033015789,700.6016659736633,675.9705545800001,675.829434475,77,72,2419,840,5502,514,611,101.0,611,101
cg_w25_c100,mssp4-n180-d30-04,881.5552913159045,934.0001,934.0001,0.0,0.085649392,881.4696419239044,847.4033543190001,847.1303518939999,163,157,3613,837,5468,511,693,190.0,693,190
cg_w25_c100,mssp4-n180-d30-05,1278.9610722699722,1021.9002000000012,1021.9002000000012,0.0,0.079302136,1278.8817701339722,1250.4138706680003,1250.1019851539997,190,184,3288,849,5407,523,734,273.0,734,273
cg_w25_c150,mssp4-n180-d10-01,4250.9967921022135,2169.201567346936,3101.1096952024013,0.42960882099824643,0.102951074,4250.8938410282135,4247.056589919001,4246.307368587998,294,289,461,932,2242,606,926,432.0,926,432
cg_w25_c150,mssp4-n180-d10-02,2912.4068061519824,2403.201746825398,2403.201746825398,0.0,0.01601712,2912.3907890319824,2901.5945411089992,2900.7914462910003,312,301,1512,936,2335,610,938,403.0,938,403
cg_w25_c150,mssp4-n180-d10-03,4014.6957075531777,2169.4545779411756,3078.882638428389,0.4191966357508465,0.017244571,4014.6784629821777,4012.781515890001,4012.2866030789996,224,217,52,931,2340,605,850,273.0,850,273
cg_w25_c150,mssp4-n180-d10-04,4199.121878220725,1912.911176300578,3173.841313026159,0.6591681581181004,0.017098262,4199.104779958725,4197.216243579002,4196.798960953998,208,200,103,933,2275,607,832,239.0,832,239
cg_w25_c150,mssp4-n180-d10-05,3635.4493124153387,2045.7376499999978,3130.7554338287996,0.5303797306701585,0.017359462,3635.4319529533386,3633.582029623998,3633.0514854589997,282,273,136,937,2274,611,911,313.0,911,313
cg_w25_c150,mssp4-n180-d15-01,4288.70870689373,1660.4001000000076,2292.580180403594,0.38073960631752773,0.067513027,4288.64119386673,4282.947877239003,4282.442250736002,258,252,656,924,3005,598,876,384.0,876,384
cg_w25_c150,mssp4-n180-d15-02,4163.228839108911,1461.9001000000003,2233.3349375343464,0.5276932654525066,0.018598268,4163.210240840912,4149.372068492,4148.228149195998,456,441,1444,928,3134,602,1075,665.0,1075,665
cg_w25_c150,mssp4-n180-d15-03,2685.3674756653645,1597.4001000000324,1597.4001000000326,0.0,0.017145551,2685.3503301143646,2653.163769892001,2652.505184169,341,334,3812,925,3115,599,959,396.0,959,396
cg_w25_c150,mssp4-n180-d15-04,3289.593576841761,1489.0000999999993,1489.0000999999993,0.0,0.018213921,3289.575362920761,3273.0146706569985,3272.543762746002,240,231,2078,929,3131,603,861,397.0,861,397
cg_w25_c150,mssp4-n180-d15-05,3912.332887303203,1379.6001000000115,2429.8440248457377,0.7612669242671971,0.017941367,3912.314945936203,3907.425044792,3906.892772430999,226,217,510,926,3106,600,843,252.0,843,252
cg_w25_c150,mssp4-n180-d20-01,2809.4546489795325,1202.2000999999998,1202.2001,0.0,0.117388018,2809.3372609615326,2773.4589212759997,2772.940873821998,235,224,4618,912,3841,586,838,350.0,838,350
cg_w25_c150,mssp4-n180-d20-02,2638.623554684587,1531.4000999999996,1531.4000999999996,0.0,0.023778655,2638.599776029587,2615.8783425389993,2615.3251840370017,242,232,2530,902,3968,576,832,269.0,832,269
cg_w25_c150,mssp4-n180-d20-03,3140.187330075448,1091.7001,1091.717105635875,1.5577204650770092e-5,0.02506096,3140.162269115448,3094.698538643998,3094.1065641920004,304,295,6794,909,3956,583,912,435.0,911,418
cg_w25_c150,mssp4-n180-d20-04,4116.279198718791,1248.1002000000017,1388.172762950812,0.11222861990632658,0.023780895,4116.2554178237915,4043.2369076389996,4042.6185237049976,331,314,14360,908,3935,582,921,345.0,921,345
cg_w25_c150,mssp4-n180-d20-05,2529.0254878870205,1423.8001,1423.8001,0.0,0.062355744,2528.9631321430206,2504.654322325,2504.1874578139987,214,203,2499,909,3757,583,818,354.0,818,347
cg_w25_c150,mssp4-n180-d30-01,1116.6808772179527,1101.5168083333333,1101.5168083333333,0.0,0.082780132,1116.5980970859528,1085.9751643900006,1085.636020986,171,160,3281,881,5550,555,740,190.0,740,190
cg_w25_c150,mssp4-n180-d30-02,975.5825309356165,1052.3001000000002,1052.3001000000002,0.0,0.030124863,975.5524060726166,945.566790056,945.2513160540002,152,136,3556,888,5544,562,725,200.0,724,198
cg_w25_c150,mssp4-n180-d30-03,1549.9279622712443,920.9000999999998,920.9000999999998,0.0,0.034408299,1549.8935539722443,1513.6562158880004,1513.2800939209992,189,171,4418,890,5502,564,759,198.0,759,198
cg_w25_c150,mssp4-n180-d30-04,1316.927073363634,934.0001,934.0001,0.0,0.034551267,1316.892522096634,1284.0939322479999,1283.6207540690002,187,176,3757,887,5468,561,762,206.0,761,205
cg_w25_c150,mssp4-n180-d30-05,1536.995883200586,1021.9002000000002,1021.9002,0.0,0.0352051,1536.960678100586,1503.3517967910004,1502.9699042750005,209,199,3872,899,5407,573,800,291.0,800,291
cg_w25_c200,mssp4-n180-d10-01,3877.5067308148396,2033.1371106557397,3278.4314509517844,0.6124989474489524,0.065780898,3877.4409499168396,3875.3646127690017,3874.5760675919996,262,252,102,982,2242,656,940,353.0,938,350
cg_w25_c200,mssp4-n180-d10-02,3916.9408528885497,2271.4180392857143,3118.06053075391,0.3727374163737982,0.014992722,3916.9258601665497,3912.334067742,3911.5704321480002,259,253,501,986,2335,660,940,341.0,940,341
cg_w25_c200,mssp4-n180-d10-03,3798.9005698252445,1825.7668555555529,3123.8569524797235,0.7109834933054373,0.017217784,3798.8833520412445,3796.410016427997,3795.5238877459983,308,295,146,981,2340,655,985,388.0,984,387
cg_w25_c200,mssp4-n180-d10-04,4538.786419167435,2086.1388425916784,3116.6966409419942,0.4940024974895823,0.021602168,4538.764816999435,4537.078276687001,4536.468201993997,258,251,49,983,2275,657,933,282.0,933,282
cg_w25_c200,mssp4-n180-d10-05,3913.0103775378466,2154.9300070993027,3225.402646260669,0.496755177956941,0.01762737,3912.9927501678467,3911.0783306110015,3910.4462264229983,253,245,115,987,2274,661,933,343.0,933,343
cg_w25_c200,mssp4-n180-d15-01,5638.752527805045,1660.400100000001,2457.740097595255,0.480209557681461,0.069790693,5638.682737112045,5630.156196557998,5629.115505537994,354,345,540,974,3005,648,1022,485.0,1021,453
cg_w25_c200,mssp4-n180-d15-02,2420.6669688667134,1587.7001000000002,1587.7001000000002,0.0,0.018026873,2420.6489419937134,2401.179148272002,2400.4259283569977,275,268,2928,978,3134,652,948,338.0,948,338
cg_w25_c200,mssp4-n180-d15-03,3865.6176190629417,1496.0001000000332,1609.6208408152818,0.07594968798146878,0.017248179,3865.6003708839417,3818.410812760001,3817.439483227002,372,360,6464,975,3115,649,1036,396.0,1035,395
cg_w25_c200,mssp4-n180-d15-04,2607.5343104918657,1489.0000999999993,1489.0000999999993,0.0,0.020686539,2607.5136239528656,2593.531835698,2593.0525631909995,158,152,1769,979,3131,653,830,209.0,830,209
cg_w25_c200,mssp4-n180-d15-05,4033.3945124527286,1644.7001000000014,1805.7070352708067,0.09789440352730884,0.020886459,4033.3736259937286,4001.3861185479996,4000.6544861949997,289,283,3863,976,3106,650,961,337.0,961,337
cg_w25_c200,mssp4-n180-d20-01,3210.9196239162547,1202.2001000000018,1202.228327848103,2.3480157838196986e-5,0.075862949,3210.8437609672546,3170.3854290369986,3169.7371695509996,276,266,6157,962,3841,636,933,417.0,933,417
cg_w25_c200,mssp4-n180-d20-02,2410.403675558446,1531.4000999999998,1531.4000999999998,0.0,0.061916592,2410.341758966446,2389.687714369,2389.1881789760005,209,202,2400,952,3968,626,852,232.0,852,232
cg_w25_c200,mssp4-n180-d20-03,3355.907610000128,1091.7001000000002,1091.7001000000002,0.0,0.022953094,3355.884656906128,3308.593988481001,3307.775775374,336,322,7731,959,3956,633,991,477.0,991,477
cg_w25_c200,mssp4-n180-d20-04,3627.0773474231673,962.3251250000001,1584.0440409813657,0.6460591122790913,0.02443638,3627.052911043167,3574.429577506,3573.8646757210017,278,266,8358,958,3935,632,923,299.0,923,299
cg_w25_c200,mssp4-n180-d20-05,4099.194885650631,1423.8001,2107.895281422131,0.4804713677307167,0.024334589,4099.17055106163,4084.601835713,4083.856402654999,316,304,760,959,3757,633,969,492.0,969,490
cg_w25_c200,mssp4-n180-d30-01,612.7478965704408,1101.516808333334,1101.516808333334,0.0,0.123537678,612.6243588924408,583.2656389379998,583.0462462410003,104,97,2866,931,5550,605,725,122.0,725,122
cg_w25_c200,mssp4-n180-d30-02,2179.2991129824636,1052.3001000000063,1052.3001000000063,0.0,0.043891854,2179.2552211284637,2144.49672785,2143.803758295999,281,266,4327,938,5544,612,909,439.0,909,422
cg_w25_c200,mssp4-n180-d30-03,2262.706706393072,920.9001000000001,920.9001000000001,0.0,0.030947316,2262.675759077072,2220.300687076999,2219.666318084,248,235,5753,940,5502,614,873,262.0,873,262
cg_w25_c200,mssp4-n180-d30-04,1114.125101295856,934.0001000000007,934.0001000000007,0.0,0.033696381,1114.091404914856,1075.7116694899998,1075.318205443,156,146,5467,937,5468,611,781,173.0,781,173
cg_w25_c200,mssp4-n180-d30-05,1284.9249721465399,1021.9002000000006,1021.9002000000007,0.0,0.034394115,1284.89057803154,1254.756314509,1254.2692343509996,220,213,3413,949,5407,623,861,287.0,861,287
cg_w25_c300,mssp4-n180-d10-01,3893.7182271833185,1884.7002333333323,3564.4853597098722,0.8912744301016114,0.068420207,3893.6498069763184,3891.460746823002,3889.976534617999,431,420,149,1082,2242,756,1217,721.0,1216,697
cg_w25_c300,mssp4-n180-d10-02,2821.0145571514313,2403.2017468254026,2403.2017468254026,0.0,0.015542297,2820.999014854431,2809.9733932530003,2809.045911712,225,215,1488,1086,2335,760,1008,283.0,1007,282
cg_w25_c300,mssp4-n180-d10-03,2137.732484401725,2169.454577941173,2169.454577941173,0.0,0.016376318,2137.716108083725,2123.8605437970004,2123.4602305730004,129,122,2126,1081,2340,755,904,173.0,904,171
cg_w25_c300,mssp4-n180-d10-04,3677.5901852651446,2083.9001000000003,2842.5155149198467,0.364036363796828,0.016447167,3677.5737380981445,3674.7029508120004,3674.0692129299996,200,196,183,1083,2275,757,980,234.0,979,233
cg_w25_c300,mssp4-n180-d10-05,4461.110464872574,2399.3710011904764,2717.516915900421,0.13259554881345678,0.017515959,4461.092948913574,4452.412866212999,4451.667316881997,231,222,1183,1087,2274,761,1010,302.0,1010,302
cg_w25_c300,mssp4-n180-d15-01,4196.556045549654,1660.400100000004,2252.0250172135607,0.35631467211641055,0.070612448,4196.485433101654,4182.614287064998,4181.736930480001,279,273,875,1074,3005,748,1060,1246.0,1059,1083
cg_w25_c300,mssp4-n180-d15-02,4202.79314738782,1587.7001000000032,1704.1113418300686,0.07332067424450318,0.019545379,4202.77360200882,4157.421519824001,4155.921295208999,446,435,6598,1078,3134,752,1216,512.0,1216,512
cg_w25_c300,mssp4-n180-d15-03,2768.2454024331278,1597.4000999999996,1597.4000999999996,0.0,0.020683624,2768.224718809128,2731.270684934002,2730.0875001790005,360,351,4578,1075,3115,749,1132,549.0,1132,546
cg_w25_c300,mssp4-n180-d15-04,2073.0049852088673,1489.0001,1489.0000999999997,0.0,0.020024176,2072.9849610328674,2051.5457396060006,2051.007306948,174,169,2192,1079,3131,753,963,1890.0,962,1623
cg_w25_c300,mssp4-n180-d15-05,3695.887533781421,1452.9001000000003,2320.0166800333855,0.5968177578302768,0.020802853,3695.866730928421,3682.2362060240007,3681.4094854000004,266,255,738,1076,3106,750,1037,320.0,1036,319
cg_w25_c300,mssp4-n180-d20-01,2381.3170227396854,1202.2001000000007,1202.2001000000007,0.0,0.072983681,2381.2440390586853,2347.1669736690005,2346.406829719001,231,222,4109,1062,3841,736,986,353.0,986,353
cg_w25_c300,mssp4-n180-d20-02,3573.0681447858856,1531.4000999999998,1531.5201000000004,7.835966577289175e-5,0.022156703,3573.0459880828857,3536.354651201,3535.253373606003,321,310,3898,1052,3968,726,1064,385.0,1064,385
cg_w25_c300,mssp4-n180-d20-03,3672.8512177320818,884.7002000000001,1423.3265941822633,0.6088236378631576,0.026240811,3672.8249769210815,3632.175984107002,3631.053351099,356,341,5503,1059,3956,733,1109,514.0,1109,488
cg_w25_c300,mssp4-n180-d20-04,3787.734867640485,1106.4556999999984,1623.5624900327812,0.467354264642302,0.023682662,3787.711184978485,3741.492656194,3740.618490263999,300,285,6547,1058,3935,732,1043,333.0,1042,329
cg_w25_c300,mssp4-n180-d20-05,1499.4898496486653,1423.8000999999997,1423.8000999999997,0.0,0.024486623,1499.4653630256653,1485.1621341169996,1484.761672542001,130,124,2022,1059,3757,733,883,198.0,883,197
cg_w25_c300,mssp4-n180-d30-01,1074.7209732649826,1101.5168083333344,1101.5168083333344,0.0,0.123371136,1074.5976021289825,1042.1559322240003,1041.6669010720002,171,164,3923,1031,5550,705,898,220.0,898,220
cg_w25_c300,mssp4-n180-d30-02,973.231807385451,1052.3001,1052.3001,0.0,0.032023345,973.199784040451,950.887632459,950.347722577,153,146,1920,1038,5544,712,883,180.0,882,178
cg_w25_c300,mssp4-n180-d30-03,755.224710322311,920.9001000000003,920.9001000000003,0.0,0.034470416,755.190239906311,723.155437568,722.7962173550002,94,85,3638,1040,5502,714,822,110.0,822,110
cg_w25_c300,mssp4-n180-d30-04,1023.6094768099322,934.0001,934.0841740740744,9.001505896462429e-5,0.035058742,1023.5744180679321,977.0940330949994,976.346343204,212,202,7096,1037,5468,711,937,232.0,937,232
cg_w25_c300,mssp4-n180-d30-05,1684.1175159600689,1021.9001999999999,1021.9001999999999,0.0,0.035476127,1684.0820398330688,1650.7615475719995,1649.9062447590004,267,254,3823,1049,5407,723,1005,354.0,1005,354
cg_w25_c400,mssp4-n180-d10-01,3793.379608738998,2061.2612861111097,3416.3634714167206,0.6574140767288276,0.106150735,3793.273458003998,3790.5966879629964,3789.5188837019973,263,257,185,1182,2242,856,1149,427.0,1148,426
cg_w25_c400,mssp4-n180-d10-02,4328.182745363888,2372.6002000000017,3105.4567117553365,0.3088832715074939,0.028275397,4328.154469966888,4323.301080823998,4321.738239163,378,372,460,1186,2335,860,1263,426.0,1262,425
cg_w25_c400,mssp4-n180-d10-03,2136.159043965742,2169.4545779411737,2169.4545779411737,0.0,0.016227899,2136.142816066742,2120.795884582,2120.262685568,129,124,2014,1181,2340,855,1011,208.0,1010,206
cg_w25_c400,mssp4-n180-d10-04,5075.50802633722,2200.6679254811506,3421.797510404759,0.5548904361191263,0.016154265,5075.49187207222,5073.42230571,5072.827463171001,167,161,129,1183,2275,857,1044,201.0,1044,201
cg_w25_c400,mssp4-n180-d10-05,4987.163809516191,2273.7106093749935,2899.7730202532966,0.2753483263423737,0.014766433,4987.149043083191,4982.960593547,4981.953481167002,284,276,449,1187,2274,861,1171,356.0,1171,356
cg_w25_c400,mssp4-n180-d15-01,3697.6209570419733,1544.9491882709767,2392.3707040424993,0.5485109298124624,0.067104007,3697.553853034973,3687.066167407999,3686.0114903220015,239,231,761,1174,3005,848,1114,319.0,1112,317
cg_w25_c400,mssp4-n180-d15-02,3851.937370915778,1397.9001000000005,1967.6105150133053,0.407547302567118,0.060081859,3851.877289056778,3826.924311769002,3825.3218638529993,428,419,2673,1178,3134,852,1305,614.0,1304,612
cg_w25_c400,mssp4-n180-d15-03,3617.087110245063,1496.0001000000004,1757.5582222804849,0.17483830534535683,0.019335234,3617.0677750110626,3573.1142831649995,3571.4522039720005,419,411,5376,1175,3115,849,1294,675.0,1294,675
cg_w25_c400,mssp4-n180-d15-04,3105.8136532149015,1489.0000999999995,1489.0000999999995,0.0,0.020416244,3105.7932369709015,3078.6630150230008,3077.8153616269988,199,193,2883,1179,3131,853,1078,431.0,1078,429
cg_w25_c400,mssp4-n180-d15-05,2426.674769112053,1644.7000999999996,1644.7000999999996,0.0,0.020101973,2426.6546671390533,2401.374888616999,2400.557145615,204,198,3137,1176,3106,850,1078,254.0,1078,254
cg_w25_c400,mssp4-n180-d20-01,3204.2391215194148,1202.2001,1202.2001,0.0,0.074373566,3204.164747953415,3162.5057523369996,3161.3511361380015,289,274,5890,1162,3841,836,1144,412.0,1143,409
cg_w25_c400,mssp4-n180-d20-02,2212.9365353129847,1531.4001,1531.4001,0.0,0.020594313,2212.9159409999847,2189.0783425290015,2188.1849457499998,234,225,2420,1152,3968,826,1081,281.0,1081,281
cg_w25_c400,mssp4-n180-d20-03,2787.9181769321717,1091.7001000000016,1091.7488283557695,4.463529477366055e-5,0.023510022,2787.8946669101715,2728.2911091439996,2727.287963274,292,285,9724,1159,3956,833,1158,597.0,1158,561
cg_w25_c400,mssp4-n180-d20-04,2643.3358258435933,1248.1001999999996,1248.1001999999996,0.0,0.061846895,2643.273978948593,2585.5434112609996,2584.6960652510006,236,228,8993,1158,3935,832,1090,294.0,1089,287
cg_w25_c400,mssp4-n180-d20-05,2685.8210399519185,1423.800100000001,1423.800100000001,0.0,0.022969998,2685.7980699539185,2644.6696125190006,2643.939151846,205,194,5601,1159,3757,833,1060,326.0,1060,314
cg_w25_c400,mssp4-n180-d30-01,915.5635043983505,1101.5168083333347,1101.5572428571425,3.670804067798971e-5,0.092165411,915.4713389873505,891.5685366989997,890.9860794120001,142,134,2244,1131,5550,805,967,180.0,967,180
cg_w25_c400,mssp4-n180-d30-02,909.1460675134541,1052.3001,1052.386663799325,8.226151392095911e-5,0.029862298,909.1162052154541,886.4867684230003,885.9788445449999,150,136,2183,1138,5544,812,972,164.0,972,164
cg_w25_c400,mssp4-n180-d30-03,1339.5032099687796,920.9001000000001,920.9001000000002,0.0,0.128756901,1339.3744530677795,1301.4840843160002,1300.8948320369989,174,164,4522,1140,5502,814,1007,231.0,1006,228
cg_w25_c400,mssp4-n180-d30-04,700.888211227739,934.0001000000001,934.0173932681743,1.8515274435378876e-5,0.033128239,700.855082988739,664.1145717440002,663.5466766690002,142,134,5096,1137,5468,811,973,174.0,971,170
cg_w25_c400,mssp4-n180-d30-05,1814.5059746456648,1021.9001999999986,1021.9001999999986,0.0,0.033879633,1814.4720950126648,1780.8474187200006,1779.8735345840003,260,245,4247,1149,5407,823,1100,348.0,1100,348
cg_w25_c600,mssp4-n180-d10-01,3697.9801874512937,1663.8430885196408,3004.1319320637667,0.8055380058323959,0.065610444,3697.9145770072937,3687.9395332769977,3684.717221370001,556,544,550,1382,2242,1056,1652,1039.0,1650,998
cg_w25_c600,mssp4-n180-d10-02,1891.3065946014196,2403.201746825398,2403.201746825398,0.0,0.040979615,1891.2656149864197,1875.0855951479998,1874.1865855279991,155,147,1962,1386,2335,1060,1248,248.0,1246,242
cg_w25_c600,mssp4-n180-d10-03,3793.4921797116613,1910.2401533333327,2715.780377034473,0.4216957864148589,0.036977609,3793.455202102661,3788.1244668659983,3786.9533321449985,233,225,469,1381,2340,1055,1320,335.0,1319,332
cg_w25_c600,mssp4-n180-d10-04,4707.7922910097905,1938.4375486298993,3418.512576310344,0.7635402175977097,0.01776799,4707.774523019791,4705.520457656999,4704.188568105001,241,233,142,1383,2275,1057,1318,273.0,1317,272
cg_w25_c600,mssp4-n180-d10-05,4109.0953553427025,2389.572440740739,2816.8569404736404,0.1788121140200498,0.014670204,4109.080685138702,4101.132639242999,4099.723944053,271,261,887,1387,2274,1061,1354,327.0,1354,327
cg_w25_c600,mssp4-n180-d15-01,4553.777463987063,1517.4001000000035,2444.6869210944483,0.6111023856492712,0.117466047,4553.6599979400635,4544.379385932999,4542.6304075479975,332,324,549,1374,3005,1048,1409,456.0,1408,454
cg_w25_c600,mssp4-n180-d15-02,3848.6338528421943,1154.0501999999979,2142.7751776967852,0.8567434741545812,0.039528015,3848.594324827194,3828.1579591689983,3825.689220190999,476,462,2055,1378,3134,1052,1544,534.0,1544,534
cg_w25_c600,mssp4-n180-d15-03,1455.3139540469597,1597.4000999999998,1597.4000999999998,0.0,0.019089154,1455.2948648929596,1428.3696053190004,1427.4498482239994,177,170,3018,1375,3115,1049,1246,217.0,1246,217
cg_w25_c600,mssp4-n180-d15-04,3630.512042367911,1254.5001000000002,1698.2132117249905,0.3536971513393983,0.067416275,3630.4446260929108,3598.968216268002,3597.7527297090032,243,237,3902,1379,3131,1053,1326,1200.0,1326,1104
cg_w25_c600,mssp4-n180-d15-05,3733.8015483626345,1396.9000000000008,2793.7176824930316,0.9999410712957477,0.019710184,3733.7818381786346,3729.711796987,3728.304715772999,277,269,300,1376,3106,1050,1362,433.0,1361,432
cg_w25_c600,mssp4-n180-d20-01,1743.2456563523765,1202.2001000000007,1202.2001000000007,0.0,0.135455232,1743.1102011203766,1705.62732588,1704.8764161939994,146,139,3835,1362,3841,1036,1214,244.0,1213,230
cg_w25_c600,mssp4-n180-d20-02,2439.820692605078,1531.4001000000003,1531.4001000000003,0.0,0.057966775,2439.762725830078,2415.128906242,2413.935321557001,242,228,2329,1352,3968,1026,1286,318.0,1285,317
cg_w25_c600,mssp4-n180-d20-03,3725.581135794695,1091.7001000000005,1156.239573684211,0.059118318010789414,0.052032754,3725.529103040695,3669.8057688590006,3668.1892305839983,324,314,8755,1359,3956,1033,1386,511.0,1386,486
cg_w25_c600,mssp4-n180-d20-04,2293.183859755544,1248.1002000000021,1248.1002000000021,0.0,0.022700717,2293.1611590385437,2244.568042438,2243.8224977990003,144,137,6619,1358,3935,1032,1200,177.0,1196,173
cg_w25_c600,mssp4-n180-d20-05,2088.7528543678513,1423.8000999999954,1423.8000999999954,0.0,0.024253389,2088.7286009788513,2059.7914505460003,2058.754468310001,215,206,3060,1359,3757,1033,1279,397.0,1275,351
cg_w25_c600,mssp4-n180-d30-01,925.6338261126375,1101.5168083333351,1101.5168083333351,0.0,0.146067953,925.4877581596375,889.8692222709997,889.0588255710003,169,161,4132,1331,5550,1005,1198,210.0,1195,204
cg_w25_c600,mssp4-n180-d30-02,574.3155428336142,1052.3001000000004,1052.3001000000004,0.0,0.087116854,574.2284259796143,548.443351252,547.91384392,103,95,2239,1338,5544,1012,1133,130.0,1132,129
cg_w25_c600,mssp4-n180-d30-03,2397.5002198103307,920.9001000000001,920.9001000000001,0.0,0.102696884,2397.3975229263306,2349.6046115470003,2348.3943294929986,237,223,6263,1340,5502,1014,1263,294.0,1263,294
cg_w25_c600,mssp4-n180-d30-04,1118.1885928141098,934.0001000000004,934.0001000000004,0.0,0.064618014,1118.1239748001099,1072.6406557589996,1071.842333033,162,154,6075,1337,5468,1011,1196,204.0,1192,194
cg_w25_c600,mssp4-n180-d30-05,1821.9684621822519,1021.9002000000004,1021.9002000000003,0.0,0.064996196,1821.9034659862518,1783.572621114998,1782.3304565240014,279,269,4323,1349,5407,1023,1325,405.0,1324,404
cg_w25_c800,mssp4-n180-d10-01,3728.2045370649316,2187.997784146345,2930.995199739808,0.3395786874086556,0.064575107,3728.1399619579315,3714.554972954999,3712.8686916730016,258,248,1099,1582,2242,1256,1542,379.0,1541,372
cg_w25_c800,mssp4-n180-d10-02,3671.383650064126,2128.9350100231313,3313.858087380432,0.556580201734024,0.048237085,3671.335412979126,3669.192630066001,3666.901820832999,312,303,107,1586,2335,1260,1609,504.0,1609,504
cg_w25_c800,mssp4-n180-d10-03,4583.078387312455,1731.3251624999964,3454.9803754970244,0.9955698965918723,0.016007237,4583.062380075455,4580.432222990001,4578.581826034003,280,272,103,1581,2340,1255,1574,418.0,1572,412
cg_w25_c800,mssp4-n180-d10-04,3771.9085679167197,1743.4002000000005,3431.0213926428055,0.9680056206502698,0.043971073,3771.8645968437195,3769.5085113569994,3768.3492115290014,187,181,140,1583,2275,1257,1472,244.0,1472,244
cg_w25_c800,mssp4-n180-d10-05,3780.0453521080167,2249.7876437499995,3246.84113492131,0.4431767122293366,0.016645319,3780.0287067890167,3778.1037740390007,3776.5319104729974,243,235,56,1587,2274,1261,1526,348.0,1525,334
cg_w25_c800,mssp4-n180-d15-01,3935.997567155609,1551.2002000000016,2413.959326182056,0.5561881220631957,0.068136194,3935.929430961609,3924.935452698999,3923.2015088129997,262,254,687,1574,3005,1248,1535,329.0,1532,318
cg_w25_c800,mssp4-n180-d15-02,2234.387201350808,1587.7001000000039,1587.7001000000039,0.0,0.065967363,2234.3212339878082,2199.9173131489983,2198.3068037920007,258,249,4321,1578,3134,1252,1538,426.0,1536,406
cg_w25_c800,mssp4-n180-d15-03,2848.1715128652727,1597.4000999999996,1597.4000999999996,0.0,0.01845982,2848.153053045273,2818.7508302140004,2816.8294637880003,309,298,3086,1575,3115,1249,1588,416.0,1586,409
cg_w25_c800,mssp4-n180-d15-04,561.9895256982608,1489.0001000000027,1489.0001000000025,0.0,0.019953631,561.9695720672607,539.061973313,538.824704866,50,44,2294,1579,3131,1155,1224,75.0,1223,73
cg_w25_c800,mssp4-n180-d15-05,2921.84904033181,1644.700099999999,1644.700099999999,0.0,0.019796195,2921.8292441368103,2902.953473340001,2901.51776796,232,222,2522,1576,3106,1250,1504,270.0,1504,270
cg_w25_c800,mssp4-n180-d20-01,1990.0067869421466,1202.2001000000005,1202.289803508037,7.461612092409905e-5,0.132069945,1989.8747169971466,1949.5090215310006,1948.262921177999,203,195,4515,1562,3841,1236,1471,298.0,1465,291
cg_w25_c800,mssp4-n180-d20-02,766.9792984768656,1531.4000999999992,1531.4000999999992,0.0,0.024268274,766.9550302028656,745.2457835949996,744.8051104510001,81,74,1759,1552,3968,1226,1327,109.0,1326,108
cg_w25_c800,mssp4-n180-d20-03,3811.532204827005,1073.2001999999998,1330.0342435381706,0.23931606007730047,0.080429753,3811.451775074005,3745.748894218002,3743.1591869880026,408,393,9513,1559,3956,1233,1664,592.0,1663,588
cg_w25_c800,mssp4-n180-d20-04,3657.485898343464,820.1756035087697,1565.2349278485372,0.9084143946154344,0.022565452,3657.4633328914642,3590.836953581999,3588.9042523539997,316,306,10896,1558,3935,1232,1563,337.0,1562,336
cg_w25_c800,mssp4-n180-d20-05,3949.4571359703623,1423.8001000000036,1677.4023706831495,0.17811648607353325,0.052097852,3949.4050381183624,3912.3513901240012,3909.8951072289997,397,382,4112,1559,3757,1233,1660,709.0,1658,676
cg_w25_c800,mssp4-n180-d30-01,1334.799349722094,1101.5168083333342,1101.5168083333342,0.0,0.096233782,1334.703115940094,1292.0935294239998,1290.372520655,278,263,5227,1531,5550,1205,1502,309.0,1496,301
cg_w25_c800,mssp4-n180-d30-02,800.3524264476449,1052.300100000008,1052.300100000008,0.0,0.090866246,800.2615602016449,772.7808388700004,772.1204286619998,113,106,2481,1538,5544,1212,1350,164.0,1347,159
cg_w25_c800,mssp4-n180-d30-03,1855.188235058934,920.9001000000002,920.9591056811219,6.407392193971471e-5,0.037011161,1855.151223897934,1814.8255298989998,1813.597391157,208,199,4790,1540,5502,1214,1444,267.0,1442,263
cg_w25_c800,mssp4-n180-d30-04,1644.116641661821,934.0001000000002,934.0001000000002,0.0,0.050735614,1644.065906047821,1595.822626209,1594.363929301,245,230,6971,1537,5468,1211,1476,287.0,1473,278
cg_w25_c800,mssp4-n180-d30-05,2876.287847697025,1021.9002000000021,1021.9002000000021,0.0,0.029616534,2876.258231163025,2839.965951377002,2837.734965695997,373,352,3863,1549,5407,1223,1608,443.0,1606,440
cg_w30_c000,mssp4-n180-d10-01,4479.082333963175,2103.900200000002,2653.800951607409,0.2613720705988842,0.062697809,4479.019636154175,4465.787381020001,4465.205807052999,309,301,1607,869,2334,543,879,417.0,879,417
cg_w30_c000,mssp4-n180-d10-02,2195.5252545887565,2403.2017468253953,2403.2017468253953,0.0,0.026022535,2195.4992320537567,2184.8483838809993,2184.4882664809993,194,187,1607,873,2427,547,764,230.0,764,230
cg_w30_c000,mssp4-n180-d10-03,2369.4322264690245,2169.454577941177,2169.454577941177,0.0,0.0719965,2369.3602299690247,2358.4081294639996,2358.1527979739994,137,132,1905,869,2433,543,710,211.0,710,211
cg_w30_c000,mssp4-n180-d10-04,3701.6648382739727,2200.667925481155,3721.6861137132164,0.6911620652168614,0.121831377,3701.5430068969727,3700.1486417240003,3699.9203682710004,143,136,115,873,2370,547,711,166.0,711,166
cg_w30_c000,mssp4-n180-d10-05,4345.397825285127,2399.371001190476,2909.6279178539226,0.212662783875556,0.02900128,4345.368824005127,4342.129214655999,4341.743956032,243,232,416,872,2364,546,809,287.0,809,287
cg_w30_c000,mssp4-n180-d15-01,4286.690295312592,1475.3168611111128,2037.6591179878938,0.38116710497923906,0.067995403,4286.622299909592,4267.296781724002,4266.949364294,210,201,2400,860,3096,534,765,276.0,765,276
cg_w30_c000,mssp4-n180-d15-02,3699.7914821162367,1323.8001000000004,1738.1415555097224,0.3129939750795621,0.020903255,3699.7705788612366,3657.5509969260015,3656.8207064439976,396,386,7029,866,3227,540,959,463.0,959,463
cg_w30_c000,mssp4-n180-d15-03,2787.6047661725906,1597.4001000000087,1597.4126000000101,7.825215486971391e-6,0.090096039,2787.5146701335907,2761.1532660040016,2760.5329553099996,334,325,3121,858,3203,532,888,400.0,888,400
cg_w30_c000,mssp4-n180-d15-04,2183.886823717217,1489.0001000000002,1489.0001000000002,0.0,0.042059723,2183.844763994217,2158.377882114,2158.1395821599995,132,128,3054,866,3223,540,698,164.0,698,164
cg_w30_c000,mssp4-n180-d15-05,4736.221171133085,1411.439976344086,2388.459641740623,0.6922148173294727,0.04249119,4736.178679943085,4724.143732522001,4723.5503695289935,319,307,804,864,3199,538,874,359.0,874,358
cg_w30_c000,mssp4-n180-d20-01,3703.502458099149,1139.5001000000004,1227.2251000000006,0.07698551320881859,0.071339134,3703.431118965149,3648.682069188002,3648.0734500840026,336,326,9908,845,3929,519,875,365.0,875,365
cg_w30_c000,mssp4-n180-d20-02,809.1476187917995,1531.4001000000017,1531.4001000000017,0.0,0.045052788,809.1025660037994,791.9572307499999,791.795019472,107,98,1567,841,4062,515,641,128.0,641,128
cg_w30_c000,mssp4-n180-d20-03,2596.0067188748476,1091.7001000000007,1091.7001000000007,0.0,0.034808875,2595.9719099998474,2557.4604091440006,2557.0606282250014,254,245,5683,843,4045,517,796,320.0,796,320
cg_w30_c000,mssp4-n180-d20-04,3959.5578734551564,1100.791819444444,1409.8658956670513,0.2807743215048539,0.036764351,3959.5211091041565,3879.50917443,3878.9240217959996,357,340,18794,841,4023,515,886,408.0,886,408
cg_w30_c000,mssp4-n180-d20-05,3619.347897068575,1156.3002000000006,1703.7899179869314,0.47348406407516885,0.034037129,3619.313859939575,3590.204266927999,3589.756604466,280,269,3118,840,3843,514,815,445.0,815,441
cg_w30_c000,mssp4-n180-d30-01,2180.1835397425302,1101.5168083333338,1101.5956767817784,7.159985925584054e-5,0.079978818,2180.10356092453,2148.962574431,2148.3752778939997,334,319,3881,810,5634,484,835,383.0,835,383
cg_w30_c000,mssp4-n180-d30-02,1476.0824536227044,1052.3001,1052.3001,0.0,0.032602682,1476.0498509407043,1448.2325195720002,1447.9105375089998,217,204,3157,817,5628,491,725,269.0,725,269
cg_w30_c000,mssp4-n180-d30-03,1369.768409706261,920.9001000000004,920.9001000000004,0.0,0.139117695,1369.629292011261,1329.696114647,1329.3342828099999,198,187,5998,820,5587,494,711,261.0,711,261
cg_w30_c000,mssp4-n180-d30-04,1184.1558408945384,934.0000999999997,934.0000999999997,0.0,0.045629999,1184.1102108955383,1148.3966469279999,1148.0873811500005,205,196,5627,818,5554,492,718,243.0,718,243
cg_w30_c000,mssp4-n180-d30-05,1839.7502949123582,1021.9002000000016,1021.9002000000016,0.0,0.046605814,1839.7036890983582,1811.0350345009988,1810.6049131710004,272,258,3066,832,5495,506,796,348.0,796,348
cg_w40_c000,mssp4-n180-d10-01,4309.686921692404,2215.2591589041062,3644.814916711062,0.6453221294948444,0.106273747,4309.580647945404,4307.818919353998,4307.042663615997,274,267,91,1044,2519,718,1030,341.0,1030,341
cg_w40_c000,mssp4-n180-d10-02,3062.871961449934,2403.2017468254007,2403.2017468254007,0.0,0.062534427,3062.809427022934,3047.5542391759977,3046.6968976849994,244,240,2376,1045,2609,719,998,285.0,998,285
cg_w40_c000,mssp4-n180-d10-03,4753.358108610046,1922.0376624999974,2914.2826554681264,0.5162463838911016,0.021292776,4753.336815834045,4751.249729900999,4750.247009547,352,339,105,1043,2617,717,1100,427.0,1100,427
cg_w40_c000,mssp4-n180-d10-04,4511.534982210008,1823.4909531967376,3748.6632626335495,1.0557619197736179,0.029849058,4511.505133152008,4509.735287164999,4509.117874230999,221,212,144,1049,2556,723,975,268.0,975,268
cg_w40_c000,mssp4-n180-d10-05,4406.0711459928125,2391.3502299999973,3677.941019580597,0.5380185526319168,0.064187985,4406.0069580078125,4404.216678567002,4403.440662276999,272,261,91,1040,2542,714,1016,355.0,1016,355
cg_w40_c000,mssp4-n180-d15-01,3717.2963507502127,1397.0001000000002,2252.6130303772957,0.6124644732504281,0.069387707,3717.226963043213,3705.350514310998,3704.4714643560005,330,322,1038,1028,3274,702,1066,420.0,1066,420
cg_w40_c000,mssp4-n180-d15-02,4095.5576263291714,1587.7000999999998,1668.4319840579715,0.05084832082455099,0.055319391,4095.5023069381714,4061.249505110001,4060.0540243499995,402,391,4362,1041,3412,715,1150,466.0,1150,466
cg_w40_c000,mssp4-n180-d15-03,2356.8865937813175,1597.4000999999992,1597.4000999999992,0.0,0.035822831,2356.8507709503174,2332.0356130549985,2331.203262965,296,286,2701,1026,3381,700,1027,337.0,1027,337
cg_w40_c000,mssp4-n180-d15-04,3151.780568294042,1489.0000999999997,1489.0000999999997,0.0,0.064815454,3151.715752840042,3130.7355902010013,3130.059795155001,235,225,2285,1031,3398,705,968,265.0,968,265
cg_w40_c000,mssp4-n180-d15-05,3607.038859964444,1570.7001000000007,1927.6469005468032,0.22725331242215005,0.043219925,3606.995640039444,3584.169771531999,3583.2894318119997,311,299,2577,1039,3384,713,1055,357.0,1055,357
cg_w40_c000,mssp4-n180-d20-01,3670.191477365508,1202.2001,1266.6500999999998,0.05361004378555601,0.073821373,3670.117655992508,3620.1135044530006,3619.2764254920007,328,316,7594,1007,4101,681,1039,381.0,1039,381
cg_w40_c000,mssp4-n180-d20-02,1908.9552692546563,1531.4001000000003,1531.4001000000003,0.0,0.085309185,1908.8699600696564,1889.3906546199992,1888.8365937469996,201,192,1842,1005,4236,679,910,236.0,910,236
cg_w40_c000,mssp4-n180-d20-03,3648.632430914951,1091.7001,1273.2742487594724,0.16632237073118555,0.050592784,3648.581838130951,3604.514532125001,3603.3780816250014,397,390,6257,1004,4216,678,1113,535.0,1113,524
cg_w40_c000,mssp4-n180-d20-04,2936.4107504706863,1248.1001999999999,1248.2227579520697,9.819560326156744e-5,0.113987289,2936.2967631816864,2854.2340116460027,2853.676255493999,230,221,18268,1004,4196,678,939,265.0,939,265
cg_w40_c000,mssp4-n180-d20-05,2825.9243365687134,1423.8001000000004,1423.933948478939,9.400791511302508e-5,0.044707672,2825.8796288967133,2782.8050227130016,2782.1113687989996,234,224,6155,1002,4015,676,944,406.0,944,405
cg_w40_c000,mssp4-n180-d30-01,1703.2820346364917,1101.516808333333,1101.6054628086756,8.048399685945502e-5,0.092613698,1703.1894209384918,1664.2332978430002,1663.3452471870005,305,289,5740,970,5804,644,973,336.0,973,336
cg_w40_c000,mssp4-n180-d30-02,1420.8154718613648,1052.3001000000006,1052.3001000000006,0.0,0.057374928,1420.7580969333649,1396.9086257700003,1396.4654109410008,205,192,2402,967,5788,641,873,248.0,873,248
cg_w40_c000,mssp4-n180-d30-03,317.8977153594949,920.9001000000319,920.9001000000319,0.0,0.059451371,317.8382639884949,291.5174911650001,291.368054309,63,56,2726,977,5754,651,746,98.0,746,98
cg_w40_c000,mssp4-n180-d30-04,666.919434583377,934.0001000000047,934.0001000000047,0.0,0.214184797,666.705249786377,628.8007253649997,628.4600579579998,138,128,5271,970,5716,644,810,168.0,810,168
cg_w40_c000,mssp4-n180-d30-05,1716.7350874861083,1021.9002,1021.9002,0.0,0.104370447,1716.6307170391083,1682.294092719999,1681.569854971999,250,244,4631,994,5667,668,955,357.0,955,357
cg_w50_c000,mssp4-n180-d10-01,4837.996123338514,2009.5781468926596,3670.129249123212,0.8263182523148973,0.070797468,4837.925325870514,4836.1342075779985,4835.018817014999,284,278,54,1221,2706,895,1228,411.0,1228,411
cg_w50_c000,mssp4-n180-d10-02,3928.0870944520734,2296.999704570503,3236.040261815935,0.40881178842859944,0.079314377,3928.0077800750732,3923.226106296002,3922.391240796999,198,191,394,1221,2795,895,1135,243.0,1135,243
cg_w50_c000,mssp4-n180-d10-03,1973.9501308640345,2169.4545779411746,2169.4545779411746,0.0,0.023586913,1973.9265439510345,1960.0054253549997,1959.5738304690003,118,112,2084,1219,2803,893,1058,197.0,1058,197
cg_w50_c000,mssp4-n180-d10-04,3801.5335343399456,1659.8429067961197,3290.61065030429,0.9824831836983471,0.046049408,3801.487484931946,3799.4868569,3798.6829122230015,225,219,151,1220,2737,894,1162,271.0,1162,271
cg_w50_c000,mssp4-n180-d10-05,4225.155946819744,2194.6819785872904,3634.8586849481735,0.6562120254379271,0.052213757,4225.103733062744,4223.393867294,4222.324919188003,276,266,75,1214,2726,888,1209,398.0,1209,398
cg_w50_c000,mssp4-n180-d15-01,4047.61889250854,1281.1309076923087,2201.3189427484726,0.7182623021043896,0.074017602,4047.54487490654,4033.5414856579987,4032.103304974999,334,326,1240,1198,3454,872,1250,426.0,1250,426
cg_w50_c000,mssp4-n180-d15-02,3968.3721171069838,1397.9000999999998,1803.8760459955927,0.29041842546230084,0.02452523,3968.3475918769836,3924.010849537001,3922.253736830999,417,407,6022,1212,3593,886,1346,485.0,1346,485
cg_w50_c000,mssp4-n180-d15-03,3899.510744973612,1337.9001000000035,1892.0275655660664,0.4141770118456987,0.045534059,3899.465210914612,3868.169420638001,3866.7069843960003,388,377,2970,1193,3558,867,1293,432.0,1293,432
cg_w50_c000,mssp4-n180-d15-04,2121.98241550232,1489.000100000001,1489.000100000001,0.0,0.053976362,2121.92843914032,2093.1279718370006,2092.6040767049994,136,131,3190,1200,3577,874,1054,207.0,1054,207
cg_w50_c000,mssp4-n180-d15-05,1618.4906148332614,1644.7001000000037,1644.7001000000037,0.0,0.037976684,1618.4526381492615,1602.0939608840001,1601.5270204800001,133,130,2171,1205,3560,879,1058,184.0,1058,184
cg_w50_c000,mssp4-n180-d20-01,1346.8882701132934,1202.2001000000005,1202.2001000000005,0.0,0.119741175,1346.7685289382935,1311.3524779090008,1310.8295459939998,155,147,4136,1176,4280,850,1047,210.0,1047,210
cg_w50_c000,mssp4-n180-d20-02,1514.2191562700325,1531.4000999999996,1531.4000999999996,0.0,0.093591218,1514.1255650520325,1493.8678163899997,1493.2989714640003,162,157,1726,1169,4410,843,1049,209.0,1049,209
cg_w50_c000,mssp4-n180-d20-03,1986.66686063015,1091.7001000000007,1091.7001000000007,0.0,0.073642542,1986.59321808815,1946.6351446510002,1945.841993764,210,202,5440,1171,4393,845,1101,291.0,1101,291
cg_w50_c000,mssp4-n180-d20-04,3405.978450471622,1248.1002000000012,1248.1739150625183,5.9061814521836456e-5,0.076704437,3405.901746034622,3323.007973840001,3322.111807001999,241,232,17137,1168,4370,842,1125,293.0,1125,293
cg_w50_c000,mssp4-n180-d20-05,2822.2606610604407,1423.8000999999995,1423.8000999999995,0.0,0.070114071,2822.190546989441,2787.341788429,2786.2974602379995,295,281,3687,1162,4185,836,1174,545.0,1174,503
cg_w50_c000,mssp4-n180-d30-01,609.9890185282712,1101.5168083333328,1101.5168083333328,0.0,0.161254494,609.8277640342712,584.0567838199999,583.726472943,110,105,2755,1126,5970,800,953,155.0,953,155
cg_w50_c000,mssp4-n180-d30-02,843.7241573149879,1052.3001000000006,1052.3640872636304,6.080704889201241e-5,0.081466418,843.6426908969879,820.9379626529999,820.3903287550004,184,165,2225,1117,5948,791,1005,235.0,1005,235
cg_w50_c000,mssp4-n180-d30-03,1546.5694348219986,920.9000999999998,920.9001,0.0,0.082441986,1546.4869928359985,1492.2979533160003,1491.5136066329999,204,190,8465,1129,5916,803,1044,252.0,1044,252
cg_w50_c000,mssp4-n180-d30-04,774.0819820554433,934.0001000000001,934.0001000000001,0.0,0.081126848,774.0008552074432,734.995739988,734.4378817679998,166,157,5844,1120,5876,794,1001,213.0,1000,211
cg_w50_c000,mssp4-n180-d30-05,2236.051918880638,1021.9001999999992,1021.9613116912599,5.9802015168051556e-5,0.058955805,2235.992963075638,2195.3925142360004,2194.2842660880005,336,326,4694,1155,5838,829,1206,460.0,1206,460
cg_w60_c000,mssp4-n180-d10-01,4313.37104656346,1888.1889441767053,3672.263215555585,0.9448600347338533,0.09170272,4313.27934384346,4311.332487053,4309.631147883,344,334,107,1391,2886,1065,1463,511.0,1463,511
cg_w60_c000,mssp4-n180-d10-02,3714.517214875712,2152.602657499998,3840.588735954171,0.7841605474995448,0.066826921,3714.450387954712,3711.1765221099995,3709.54167762,318,309,134,1398,2982,1072,1441,404.0,1441,404
cg_w60_c000,mssp4-n180-d10-03,2376.420703150492,2169.4545779411765,2169.4545779411765,0.0,0.069609143,2376.351094007492,2363.214160592,2362.6108388000002,120,117,1781,1391,2985,1065,1244,212.0,1244,212
cg_w60_c000,mssp4-n180-d10-04,4130.3755351291,1605.0780222222227,3288.41579485281,1.0487575988985347,0.078076242,4130.2974588871,4128.022673622998,4126.932824959,243,235,92,1396,2923,1070,1365,304.0,1365,304
cg_w60_c000,mssp4-n180-d10-05,4895.778767348454,2389.572440740741,3850.224888925716,0.6112610035509904,0.043203355,4895.735563993454,4893.816005197999,4892.551104745999,263,254,113,1392,2914,1066,1383,368.0,1383,368
cg_w60_c000,mssp4-n180-d15-01,4566.95337739166,1660.4001000000012,1965.8375699374692,0.1839541384859395,0.074991371,4566.87838602066,4535.052684717002,4533.689109086001,269,258,3121,1368,3634,1042,1361,326.0,1361,326
cg_w60_c000,mssp4-n180-d15-02,5046.660762765662,1587.7001000000005,1682.4866546218489,0.05970054081488586,0.099665859,5046.561096906662,5007.862675570995,5005.901604895999,408,393,5017,1381,3772,1055,1511,488.0,1511,488
cg_w60_c000,mssp4-n180-d15-03,4239.49811986954,1425.800100000033,1732.407242857176,0.2150421667505396,0.069559851,4239.428560018539,4176.789083741997,4174.064988612999,556,541,8373,1359,3734,1033,1637,630.0,1637,630
cg_w60_c000,mssp4-n180-d15-04,1873.3255089018407,1489.000100000003,1489.000100000003,0.0,0.079881737,1873.2456271648407,1847.121586774,1846.4488347780002,139,131,2707,1371,3758,1045,1236,198.0,1236,198
cg_w60_c000,mssp4-n180-d15-05,4185.144348634846,1460.5001,2335.3133599094813,0.5989819924760575,0.10189773,4185.042450904846,4170.832334398003,4169.026772250997,349,339,1151,1369,3734,1043,1448,447.0,1448,447
cg_w60_c000,mssp4-n180-d20-01,1154.839576967843,1202.2001000000014,1202.2001000000014,0.0,0.088329085,1154.751247882843,1125.3470297520003,1124.694107107,138,135,3328,1338,4452,1012,1205,195.0,1205,195
cg_w60_c000,mssp4-n180-d20-02,2382.858878359126,1531.4000999999998,1531.4000999999998,0.0,0.074028477,2382.784849882126,2353.7130144500006,2352.676148809,207,199,3211,1335,4586,1009,1267,263.0,1267,263
cg_w60_c000,mssp4-n180-d20-03,3259.0653924499193,1091.7001000000002,1091.7001000000002,0.0,0.032303289,3259.033089160919,3207.185459045,3205.6053452669994,356,345,7952,1338,4570,1012,1425,487.0,1425,484
cg_w60_c000,mssp4-n180-d20-04,3493.345769977351,1248.1002000000021,1248.2121481927709,8.969487607545456e-5,0.063021755,3493.282748222351,3413.133998211998,3411.7404361369977,315,298,15897,1340,4552,1014,1374,390.0,1374,390
cg_w60_c000,mssp4-n180-d20-05,3774.8911255615444,1156.3001999999997,1534.0905823024214,0.3267234428415923,0.030103566,3774.8610219955444,3724.511448961,3722.9621082239973,340,328,5738,1329,4362,1003,1401,635.0,1401,590
cg_w60_c000,mssp4-n180-d30-01,760.1071604078239,1101.5168083333347,1101.5168083333347,0.0,0.112896282,759.994264125824,733.3662160780002,732.5867132519999,131,124,2653,1273,6127,947,1131,190.0,1131,190
cg_w60_c000,mssp4-n180-d30-02,1209.586482535571,1052.3001000000004,1052.3001000000004,0.0,0.067721616,1209.518760919571,1182.3464986629997,1181.308319464,202,186,2592,1268,6109,942,1187,269.0,1187,269
cg_w60_c000,mssp4-n180-d30-03,877.023888490789,920.9001000000001,920.9430690133545,4.6659798771248596e-5,0.045139454,876.9787490367889,830.2796605709998,829.7589324999999,119,108,5772,1280,6077,954,1123,188.0,1123,188
cg_w60_c000,mssp4-n180-d30-04,546.2580625879305,934.0001000000001,934.0425098021254,4.5406635529641275e-5,0.121996628,546.1360659599304,508.94141087400004,508.5602915410001,86,82,4676,1261,6027,935,1075,142.0,1075,142
cg_w60_c000,mssp4-n180-d30-05,865.3012105506792,1021.9002000000004,1021.9002000000004,0.0,0.100951342,865.2002592086792,838.3350878479998,837.4876077859997,154,148,2668,1309,6002,983,1194,279.0,1194,279
cg_w80_c000,mssp4-n180-d10-01,4087.03299285023,2041.4752374999998,3046.9804128976875,0.4925385118210075,0.078758727,4086.95423412323,4084.9182997529992,4082.3933153199987,268,261,52,1741,3256,1415,1765,418.0,1765,418
cg_w80_c000,mssp4-n180-d10-02,4385.666935163732,2264.308147999998,3021.8093552427076,0.3345398054199426,0.080231148,4385.586704015732,4379.707920249997,4376.776105595002,344,334,565,1737,3341,1411,1827,512.0,1827,511
cg_w80_c000,mssp4-n180-d10-03,4131.736720327297,2043.1659229946508,3602.4831339789484,0.7631867747181392,0.057203535,4131.679516792297,4128.503059621003,4126.511086663,234,227,195,1738,3352,1412,1722,375.0,1722,375
cg_w80_c000,mssp4-n180-d10-04,4045.6760134112687,1833.0484057220713,3887.7101164997225,1.1208987740660794,0.081731261,4045.5942821502686,4043.3715665160003,4041.5922825960015,229,223,84,1737,3284,1411,1716,319.0,1716,319
cg_w80_c000,mssp4-n180-d10-05,4042.2798461597727,2236.300166666667,3137.0384330320335,0.40278057471505196,0.041832177,4042.238013982773,4039.4696655080006,4037.400928377002,269,259,174,1739,3281,1413,1755,394.0,1755,394
cg_w80_c000,mssp4-n180-d15-01,4436.120749817097,1678.5912466666632,2373.9079825421604,0.41422635633079413,0.124695883,4435.996053934097,4422.363942345,4419.913133632001,306,298,689,1706,3992,1380,1762,431.0,1762,431
cg_w80_c000,mssp4-n180-d15-02,973.7988445990065,1587.700100000001,1587.700100000001,0.0,0.041093611,973.7577509880066,942.6553456070001,941.683856952,126,121,2904,1712,4123,1386,1591,230.0,1591,230
cg_w80_c000,mssp4-n180-d15-03,3994.523127485496,1597.4001000000326,1975.1014675335132,0.2364475672271918,0.056185652,3994.466941833496,3968.199598785,3964.9119211909997,438,428,1931,1686,4081,1360,1870,534.0,1870,534
cg_w80_c000,mssp4-n180-d15-04,1799.36870300431,1489.0001000000007,1489.0001000000007,0.0,0.071249124,1799.29745388031,1771.4960594820006,1770.5528118910001,120,115,2679,1707,4114,1381,1580,273.0,1580,273
cg_w80_c000,mssp4-n180-d15-05,4311.39630327536,1644.7001,1833.522489830509,0.11480657770405005,0.088246444,4311.30805683136,4266.406294653003,4263.994196316,309,301,4950,1693,4078,1367,1753,426.0,1753,426
cg_w80_c000,mssp4-n180-d20-01,3284.903934485875,1202.2001000000005,1202.2001000000005,0.0,0.141701467,3284.762233018875,3244.287165715001,3242.1510600710026,275,264,4137,1656,4790,1330,1674,430.0,1674,429
cg_w80_c000,mssp4-n180-d20-02,2075.017726705332,1531.4001,1531.4001,0.0,0.034712837,2074.983013868332,2051.116523564,2049.797898118,182,171,1988,1653,4924,1327,1577,253.0,1577,253
cg_w80_c000,mssp4-n180-d20-03,1029.6894175110542,1091.7001000000037,1091.7001000000037,0.0,0.036495596,1029.6529219150543,982.6741564370002,981.5445603889998,151,143,5195,1662,4914,1336,1563,287.0,1563,285
cg_w80_c000,mssp4-n180-d20-04,3730.8092757044933,1106.455699999997,1542.6607089026832,0.39423630688755756,0.079285699,3730.729990005493,3665.118860050001,3662.2686751479982,354,341,10111,1671,4904,1345,1769,444.0,1769,443
cg_w80_c000,mssp4-n180-d20-05,3239.5479089224164,1423.8001,1423.8001,0.0,0.078920027,3239.4689888954163,3210.9764648670002,3208.8353241370014,293,280,2189,1657,4710,1331,1701,560.0,1701,512
cg_w80_c000,mssp4-n180-d30-01,1085.8026650970671,1101.516808333332,1101.516808333332,0.0,0.106242997,1085.6964221000671,1054.971832827,1053.4816607719993,193,183,3283,1564,6438,1238,1502,273.0,1502,273
cg_w80_c000,mssp4-n180-d30-02,794.7364623746801,1052.3001000000002,1052.3001000000002,0.0,0.053355237,794.68310713768,768.5155532919999,767.5296188959995,151,136,2206,1567,6428,1241,1457,231.0,1457,231
cg_w80_c000,mssp4-n180-d30-03,1203.5949790810023,920.9001000000001,920.9001000000001,0.0,0.101077113,1203.4939019680023,1163.8245825469999,1162.7314410660001,156,146,4445,1585,6402,1259,1487,287.0,1487,287
cg_w80_c000,mssp4-n180-d30-04,882.7690139547082,934.0001000000035,934.0001000000035,0.0,0.104832007,882.6641819477081,842.256213674,841.1463913700001,159,151,4888,1566,6352,1240,1473,246.0,1472,243
cg_w80_c000,mssp4-n180-d30-05,1625.25871006164,1021.9002000000005,1021.9002000000005,0.0,0.042893087,1625.21581697464,1589.6943094900016,1587.4638074800007,265,256,3826,1625,6338,1299,1636,353.0,1636,353
vf_w00,mssp4-n180-d10-01,3704.259789198201,2126.4378904918067,2697.3302587301587,0.2684735683045579,0.007759064,3704.252030134201,3689.5647427650006,3689.5447591209995,282,273,3659,326,1762,,,,,
vf_w00,mssp4-n180-d10-02,3881.256885177792,2214.7017468254007,3367.2311278679153,0.5203993642460318,0.035761244,3881.221123933792,3879.813118879998,3879.7867860660017,304,290,150,326,1851,,,,,
vf_w00,mssp4-n180-d10-03,2914.827043857573,2169.4545779411756,2169.4545779411756,0.0,0.009039011,2914.818004846573,2903.299906754999,2903.2831421940014,159,149,2657,326,1861,,,,,
vf_w00,mssp4-n180-d10-04,5557.668275517374,1862.8310396872162,3477.4999473607604,0.8667822648825197,0.043509406,5557.624766111374,5555.959069026994,5555.937387366998,237,225,53,326,1794,,,,,
vf_w00,mssp4-n180-d10-05,4166.937454130237,2378.492687768808,3382.773011564805,0.42223393368431245,0.017139103,4166.920315027237,4165.850327734999,4165.824284275997,244,236,46,326,1789,,,,,
vf_w00,mssp4-n180-d15-01,3789.8014215126013,1471.9001000000003,2562.842444546015,0.7411796116774599,0.032729496,3789.7686920166016,3787.2202730809986,3787.204679365,217,206,308,326,2533,,,,,
vf_w00,mssp4-n180-d15-02,3605.6191100178726,1223.7001,2231.1723492104534,0.8232999647629785,0.045437008,3605.5736730098724,3592.8354498309973,3592.8118635009982,316,305,1512,326,2658,,,,,
vf_w00,mssp4-n180-d15-03,3682.7515557301476,1117.6001,1794.990233628978,0.6061113752843955,0.062177707,3682.6893780231476,3644.211607288999,3644.1841334000005,366,352,7259,326,2642,,,,,
vf_w00,mssp4-n180-d15-04,4546.935451541832,1326.5000999999997,1901.1391625187598,0.43319941138244933,0.039351736,4546.896099805832,4528.894364047999,4528.878166091999,197,190,2485,326,2654,,,,,
vf_w00,mssp4-n180-d15-05,4982.266854236949,1644.7001,2076.9136528088807,0.2627917106643823,0.02310438,4982.243749856949,4964.628153787002,4964.6091811279975,233,223,2199,326,2632,,,,,
vf_w00,mssp4-n180-d20-01,3763.64000163016,1202.2001,1374.7612068136405,0.143537757827204,0.027126407,3763.61287522316,3734.2470981540005,3734.233490385999,183,174,4516,326,3381,,,,,
vf_w00,mssp4-n180-d20-02,3647.1771859123237,1514.5001000000002,1948.686434693142,0.2866862370581169,0.039148946,3647.138036966324,3633.6496051980002,3633.6308052889976,274,260,1227,326,3518,,,,,
vf_w00,mssp4-n180-d20-03,3884.867405691337,561.5001999999986,1478.5459591303772,1.6332064692592825,0.043726721,3884.823678970337,3852.357341451,3852.341987356999,216,205,5334,326,3499,,,,,
vf_w00,mssp4-n180-d20-04,3977.6533457905166,853.0572857142861,1882.7449246688839,1.2070556763282487,0.041194883,3977.6121509075165,3954.623910733,3954.608569993,237,226,2839,326,3479,,,,,
vf_w00,mssp4-n180-d20-05,2071.780408605264,1423.8000999999997,1423.8000999999997,0.0,0.040681585,2071.7397270202637,2058.8470455870006,2058.836067915001,136,126,2057,326,3300,,,,,
vf_w00,mssp4-n180-d30-01,2645.272061846802,1101.516808333333,1101.516808333333,0.0,0.031280778,2645.240781068802,2614.8798405209996,2614.862820565003,266,256,4848,326,5121,,,,,
vf_w00,mssp4-n180-d30-02,3811.652928664759,1052.3001,1248.5040870319958,0.18645250250569767,0.046949699,3811.6059789657593,3790.082947315001,3790.063889534001,278,266,2119,326,5108,,,,,
vf_w00,mssp4-n180-d30-03,2157.6350898362793,920.9001000000002,920.9001000000002,0.0,0.162003956,2157.4730858802795,2131.229913326,2131.218505777,137,129,3783,326,5064,,,,,
vf_w00,mssp4-n180-d30-04,3781.622435398983,650.5001,1290.750405287164,0.9842432080904586,0.025051423,3781.5973839759827,3758.5446206779984,3758.527559469002,266,248,2593,326,5033,,,,,
vf_w00,mssp4-n180-d30-05,3736.2250936381215,484.4001000000001,1501.8539222707832,2.1004409831269295,0.047624623,3736.1774690151215,3719.71695061,3719.696098003998,291,279,1583,326,4960,,,,,
vf_w25,mssp4-n180-d10-01,3939.7996988776795,2169.170590056282,2995.0310209531217,0.3807263636537741,0.096187878,3939.7035109996796,3936.877541173002,3936.860697786997,255,248,542,326,1787,,,,,
vf_w25,mssp4-n180-d10-02,3114.82839771162,2403.201746825399,2403.201746825399,0.0,0.033616742,3114.7947809696198,3103.6768773360022,3103.660990599,197,190,2459,326,1876,,,,,
vf_w25,mssp4-n180-d10-03,3616.9967054939766,2169.4545779411765,3145.5147221671477,0.4499103849190783,0.050959549,3616.945745944977,3615.753792262,3615.7393334870007,161,154,45,326,1886,,,,,
vf_w25,mssp4-n180-d10-04,4443.116406880729,1720.443426110295,3920.3281043672887,1.2786730704831455,0.013402902,4443.103003978729,4441.746558019001,4441.733589134,163,156,152,326,1819,,,,,
vf_w25,mssp4-n180-d10-05,3659.624436129529,2378.4926877688113,3182.7984144394345,0.33815774620905686,0.038224925,3659.586211204529,3658.302423205001,3658.284648396001,204,194,220,326,1814,,,,,
vf_w25,mssp4-n180-d15-01,3801.79129792416,1468.0001000000004,2960.9779990897146,1.0170148483571042,0.06579591,3801.72550201416,3799.799513190998,3799.781271839,269,264,102,326,2558,,,,,
vf_w25,mssp4-n180-d15-02,1268.6534507352803,1587.7001,1587.7001,0.0,0.068610676,1268.5848400592804,1254.4178744839999,1254.4107584300002,125,120,2738,326,2683,,,,,
vf_w25,mssp4-n180-d15-03,4278.97822024644,1337.9000999999998,2387.4215345818725,0.7844542612575279,0.026162408,4278.95205783844,4270.796281958,4270.774969965997,306,300,661,326,2667,,,,,
vf_w25,mssp4-n180-d15-04,3863.488230660094,1132.8001,2911.3572825597093,1.5700538714286039,0.033161595,3863.455069065094,3861.0132348380016,3861.0004235290007,171,166,308,326,2679,,,,,
vf_w25,mssp4-n180-d15-05,5637.123502399696,1226.2001000000002,1956.2633232591522,0.5953866936229673,0.019536402,5637.103965997696,5613.4362975640015,5613.415405328001,280,271,3881,326,2657,,,,,
vf_w25,mssp4-n180-d20-01,3938.8494709589227,574.9001000000003,1947.601813608068,2.3877221687873544,0.103521929,3938.7459490299225,3927.629163164001,3927.613523028001,205,199,1062,326,3406,,,,,
vf_w25,mssp4-n180-d20-02,4390.78502875753,1531.4001000000003,2277.9941781350794,0.4875238535867139,0.042359652,4390.74266910553,4380.856043306998,4380.837403208003,265,256,854,326,3543,,,,,
vf_w25,mssp4-n180-d20-03,4137.71124789569,845.4001000000003,1919.7557476723018,1.270825077584331,0.024544929,4137.68670296669,4126.935047079,4126.920491654999,193,187,865,326,3524,,,,,
vf_w25,mssp4-n180-d20-04,3872.2493413969987,481.60029999999864,2016.3702971028702,3.1868127928966734,0.038175492,3872.211165904999,3853.5385080289975,3853.5184759600024,294,288,2040,326,3504,,,,,
vf_w25,mssp4-n180-d20-05,3604.363373992522,1409.8001999999974,1937.0650067932827,0.3739996680333045,0.042508123,3604.320865869522,3588.4515404630015,3588.432966285999,246,237,1791,326,3325,,,,,
vf_w25,mssp4-n180-d30-01,3608.764607071305,1011.766787878789,1227.61594726842,0.2133388464372978,0.13572514,3608.628881931305,3575.477338780001,3575.456992392,300,292,5121,326,5146,,,,,
vf_w25,mssp4-n180-d30-02,3600.0540866638034,887.2001,1406.5291006031878,0.5853572385791973,0.038579681,3600.0155069828033,3584.126221027,3584.1087556440007,264,255,1466,326,5133,,,,,
vf_w25,mssp4-n180-d30-03,1043.9052054983956,920.9001000000002,920.9001000000002,0.0,0.133505593,1043.7716999053955,1020.5016345460001,1020.4957948499999,85,81,2734,326,5089,,,,,
vf_w25,mssp4-n180-d30-04,637.7098461455395,934.0001000000002,934.0001000000002,0.0,0.033239252,637.6766068935394,616.315114272,616.310895457,75,70,2307,326,5058,,,,,
vf_w25,mssp4-n180-d30-05,4179.907201563244,751.8001000000002,1579.361751064056,1.1007735315066542,0.044679438,4179.862522125244,4163.935347405,4163.914231862997,324,309,1213,326,4985,,,,,
vf_w50,mssp4-n180-d10-01,5666.221415176095,2242.383717027032,3413.3583278480996,0.5222008177857953,0.061278238,5666.160136938095,5664.631819085001,5664.607347308002,334,324,115,326,1812,,,,,
vf_w50,mssp4-n180-d10-02,2217.845865705843,2403.201746825397,2403.201746825397,0.0,0.059679726,2217.786185979843,2208.4930291879996,2208.481481078,146,142,1922,326,1901,,,,,
vf_w50,mssp4-n180-d10-03,3658.05113465915,2169.4545779411774,2542.2244227797464,0.1718265266435444,0.01716478,3658.0339698791504,3652.3783157849994,3652.362848325001,207,201,1038,326,1911,,,,,
vf_w50,mssp4-n180-d10-04,3913.5270196458714,1953.9198946596882,3465.4634270809247,0.7735954460326021,0.052727606,3913.474292039871,3912.1011558710006,3912.0828224149977,228,219,161,326,1844,,,,,
vf_w50,mssp4-n180-d10-05,3723.802457299087,2394.566153124998,2908.7004231017777,0.2147087351526352,0.018547263,3723.783910036087,3721.3734135179993,3721.3545051109995,227,218,387,326,1839,,,,,
vf_w50,mssp4-n180-d15-01,2589.5384119073915,1678.591246666665,1678.591246666665,0.0,0.101309828,2589.4371020793915,2579.4770244699985,2579.4666915819994,137,133,1663,326,2583,,,,,
vf_w50,mssp4-n180-d15-02,1735.2341375363378,1587.7001000000005,1587.8533894736852,9.654812875851573e-5,0.052610637,1735.1815268993378,1720.2412714349998,1720.2330384400009,129,125,2773,326,2708,,,,,
vf_w50,mssp4-n180-d15-03,3896.9990510077446,1597.4001000000003,1894.3358889908266,0.18588692275080376,0.050051126,3896.9489998817444,3871.426081114,3871.4047038010017,320,315,3901,326,2692,,,,,
vf_w50,mssp4-n180-d15-04,4741.322287683027,1121.1000999999999,1746.464208801415,0.557812909660266,0.039548759,4741.2827389240265,4717.044108337003,4717.027607122,217,213,3274,326,2704,,,,,
vf_w50,mssp4-n180-d15-05,3811.9650751584295,1418.9919788235225,2632.844774085856,0.8554331619751167,0.051333093,3811.9137420654297,3808.7616455779985,3808.7459685199988,218,209,499,326,2682,,,,,
vf_w50,mssp4-n180-d20-01,3797.4904313674715,992.6001000000001,1528.206606883943,0.5395994891436571,0.079468309,3797.4109630584717,3773.193884081999,3773.175930335,214,208,3781,326,3431,,,,,
vf_w50,mssp4-n180-d20-02,5393.791157838791,1164.0819454545467,1842.4092767380196,0.5827144162248835,0.035521862,5393.755635976791,5371.729874370999,5371.694447148,376,368,3082,326,3568,,,,,
vf_w50,mssp4-n180-d20-03,4457.1976424285795,740.1001999999988,1539.910832199898,1.0806788488908672,0.034650428,4457.16299200058,4433.086347797998,4433.070146052,228,218,3308,326,3549,,,,,
vf_w50,mssp4-n180-d20-04,3704.8745833923886,665.4002500000006,1779.9298168622242,1.674976176913403,0.032073169,3704.8425102233887,3672.9698142260013,3672.943163927002,258,254,5202,326,3529,,,,,
vf_w50,mssp4-n180-d20-05,1835.4201235606604,1423.8001000000002,1423.8001000000002,0.0,0.04173754,1835.3783860206604,1814.395095025001,1814.3845452470007,151,147,2415,326,3350,,,,,
vf_w50,mssp4-n180-d30-01,996.7443896267367,1101.5168083333324,1101.5168083333324,0.0,0.088286731,996.6561028957367,971.33152049,971.3248989649996,117,113,3095,326,5171,,,,,
vf_w50,mssp4-n180-d30-02,2007.6823789272437,1052.3001000000004,1052.3001000000004,0.0,0.080921093,2007.6014578342438,1990.9924721579998,1990.982958143999,144,138,1413,326,5158,,,,,
vf_w50,mssp4-n180-d30-03,4380.361600391459,751.9001000000002,1174.9215386378585,0.562603248274416,0.132383339,4380.22921705246,4354.457218371,4354.435044431003,269,260,3380,326,5114,,,,,
vf_w50,mssp4-n180-d30-04,3888.5835502836962,680.4001000000003,1369.5460865089722,1.0128540347201178,0.100896189,3888.482654094696,3862.7320397419976,3862.701820137999,291,282,2367,326,5083,,,,,
vf_w50,mssp4-n180-d30-05,3985.726138521316,1021.9002000000015,1233.0500086922366,0.2066246867279552,0.119061638,3985.607076883316,3961.006706141002,3960.986107885,272,267,3089,326,5010,,,,,
